node,specimen_type_META_blood,specimen_type_META_urine
root,0.1527330179087188,0.8472669820912813
n0,0.1490658822409787,0.8509341177590213
n6161,0.1543537788608151,0.8456462211391849
n00,0.1145600033183575,0.8854399966816423
SAMN11319316,0.0,1.0
n62,0.1543537788608151,0.8456462211391849
n401401,0.1526570545562999,0.8473429454437001
n1,0.114560003318358,0.885439996681642
n15,0.113997785805626,0.8860022141943741
n6262,0.1567763141157444,0.8432236858842556
SAMN15868771,0.0,1.0
n402,0.1526257689303963,0.8473742310696036
SAMN11319305,0.0,1.0
n11,0.114560003318358,0.885439996681642
n13,0.1196864462046765,0.8803135537953236
n1515,0.1117474190605548,0.888252580939445
n5353,0.1241191735388913,0.8758808264611087
n63,0.160312343550169,0.839687656449831
n400400,0.1531786679831308,0.8468213320168693
n402402,0.1526257689303963,0.8473742310696036
n446446,0.1526857809570052,0.8473142190429949
n2,0.1172702758303391,0.8827297241696609
SAMN26308499,0.0,1.0
n1313,0.1214875089710609,0.878512491028939
SAMN11319282,0.0,1.0
n16,0.0983951973501475,0.9016048026498524
n4747,0.1280517311690744,0.8719482688309257
n54,0.1241191735388913,0.8758808264611087
n61,0.0297924217077428,0.9702075782922572
n6363,0.1565153478208266,0.8434846521791732
n395395,0.2166323242882323,0.7833676757117677
n401,0.1484785678438257,0.8515214321561742
SAMN11319341,0.0,1.0
n403,0.1515752776565563,0.8484247223434437
n409409,0.1478267940496865,0.8521732059503135
SAMN26308802,0.0,1.0
SAMN29599259,0.0,1.0
n22,0.160683136236504,0.8393168637634961
n1212,0.1276810563073004,0.8723189436926995
n14,0.1214875089710609,0.878512491028939
n1414,0.1107298564208536,0.8892701435791464
n1616,0.0983951973501475,0.9016048026498524
SAMN26304704,0.0,1.0
n48,0.1297349917557361,0.870265008244264
n51,0.1247581467035411,0.8752418532964588
n5454,0.1241191735388913,0.8758808264611087
SAMN15868530,0.0,1.0
SAMN26308493,0.0,1.0
SAMN26308471,0.0,1.0
n394394,0.1554959675540443,0.8445040324459556
n6464,0.1981670499283616,0.8018329500716385
n396,0.2038182483643746,0.7961817516356254
SAMN09405752,1.0,0.0
SAMN26309425,0.0,1.0
SAMN26304415,0.0,1.0
n403403,0.1515752776565563,0.8484247223434437
n408408,0.1443490250824032,0.8556509749175968
n410,0.1478267940496865,0.8521732059503135
n445,0.1470617290561525,0.8529382709438474
n3,0.1606831362365045,0.8393168637634955
SAMN26304325,0.0,1.0
SAMN26304479,0.0,1.0
SAMN11319166,0.0,1.0
SAMN11319335,0.0,1.0
SAMN26304705,0.0,1.0
SAMN06015664,0.0,1.0
SAMN11319389,0.0,1.0
n17,0.1051160733386562,0.8948839266613438
n1717,0.0983951973501475,0.9016048026498524
n4848,0.1322768295811777,0.8677231704188223
n50,0.1072917550789497,0.8927082449210502
n5151,0.1244450104272904,0.8755549895727096
SAMN26308484,0.0,1.0
n5555,0.118214124352753,0.8817858756472471
SAMN15868277,0.0,1.0
n395,0.1470271967055507,0.8529728032944492
SAMN11319169,0.0,1.0
n65,0.2351670355189199,0.7648329644810801
n245,0.197347257652411,0.802652742347589
n396396,0.2817734148014763,0.7182265851985238
n398398,0.2464102479921582,0.7535897520078418
n404,0.1524412632088746,0.8475587367911254
n407407,0.150324953143872,0.849675046856128
n409,0.1186296851228817,0.8813703148771183
SAMN13422978,0.0,1.0
n410410,0.1489715851056899,0.8510284148943102
n437437,0.1427925205290428,0.857207479470957
n445445,0.1465325350680719,0.853467464931928
SAMN26308785,0.0,1.0
n33,0.1251057586225817,0.8748942413774182
n55,0.1606831362365045,0.8393168637634955
SAMN10093631,0.0,1.0
SAMN11319386,0.0,1.0
n18,0.0983951973501475,0.9016048026498524
n1919,0.0983951973501475,0.9016048026498524
n49,0.0,1.0
SAMN26308474,0.0,1.0
n5050,0.0149514302001032,0.9850485697998967
SAMN09400814,0.0,1.0
n52,0.1244450104272904,0.8755549895727096
SAMN09400827,0.0,1.0
n56,0.1187656315103235,0.8812343684896765
n5656,0.1173606892290995,0.8826393107709004
SAMN13082356,0.0,1.0
SAMN11319163,0.0,1.0
n6565,0.2351670355189199,0.7648329644810801
SAMN27404441,0.0,1.0
n245245,0.1453700823279579,0.8546299176720421
n358358,0.197347257652411,0.802652742347589
n397,0.4788848881078971,0.5211151118921028
SAMN26305070,0.0,1.0
n399,0.2530866304966754,0.7469133695033245
SAMN26308892,0.0,1.0
n404404,0.1529545342545373,0.8470454657454628
SAMN26304506,0.0,1.0
n408,0.1347393745888548,0.8652606254111452
SAMN26304500,0.0,1.0
SAMN07325904,0.0,1.0
SAMN09405759,0.0,1.0
n411,0.1489130494062735,0.8510869505937265
n436,0.15064434559824,0.84935565440176
n438,0.142451958897847,0.8575480411021531
SAMN26309423,0.0,1.0
n446,0.0,1.0
SAMN09405758,0.0,1.0
n4,0.1198542408346811,0.8801457591653189
SAMN15868657,0.0,1.0
n6,0.2299716895723485,0.7700283104276514
n99,0.1606831362365045,0.8393168637634955
n1818,0.0983951973501475,0.9016048026498524
n19,0.1247306250531401,0.8752693749468599
n20,0.0983951973501475,0.9016048026498524
n2020,0.086292246170729,0.9137077538292708
n4949,0.0,1.0
SAMN26308486,0.0,1.0
SAMN09400832,0.0,1.0
SAMN09400804,1.0,0.0
n5252,0.2591317183398398,0.7408682816601602
SAMN05510454,0.0,1.0
SAMN15868897,0.0,1.0
SAMN26308481,0.0,1.0
n57,6.9825784892363545e-09,0.9999999930174216
SAMN26304604,0.0,1.0
n6666,0.2351670355189199,0.7648329644810801
n237237,0.2351670355189199,0.7648329644810801
n246,0.1322284090972284,0.8677715909027716
SAMN02801894,1.0,0.0
n359,0.0363271642627128,0.9636728357372872
n360,0.2563251356708793,0.7436748643291207
n397397,0.2776645852440823,0.7223354147559177
SAMN09405760,1.0,0.0
n399399,0.2862222627979632,0.7137777372020367
SAMN26308859,0.0,1.0
n405,0.1504334757261109,0.8495665242738891
n407,1.0,0.0
SAMN26308877,0.0,1.0
SAMN26308819,0.0,1.0
n411411,0.1424159826763833,0.8575840173236167
n435435,0.1223148254770124,0.8776851745229876
n436436,0.1500196266183265,0.8499803733816735
n437,0.1507530430269358,0.8492469569730642
n438438,0.1364908740179604,0.8635091259820395
n442,0.142451958897847,0.8575480411021531
SAMN26308875,0.0,1.0
SAMN26308867,0.0,1.0
n44,0.1198542408346811,0.8801457591653189
SAMN27407159,1.0,0.0
n66,0.0067752379977813,0.9932247620022188
n77,0.2933587346189625,0.7066412653810374
n10,0.1606831362365045,0.8393168637634955
SAMN29869135,1.0,0.0
SAMN25004485,1.0,0.0
SAMN04393386,0.0,1.0
SAMN10093600,0.0,1.0
SAMN26304603,0.0,1.0
SAMN26308494,0.0,1.0
SAMN26308477,0.0,1.0
n21,0.0558210227953462,0.9441789772046538
n4545,0.0104109652037816,0.9895890347962184
SAMN26305190,0.0,1.0
SAMN26308490,0.0,1.0
n53,0.0414628937527887,0.9585371062472112
SAMN09400879,1.0,0.0
n5757,6.9825784892363545e-09,0.9999999930174216
SAMN11335458,0.0,1.0
n67,0.2351670355189199,0.7648329644810801
n232,0.1599848545340205,0.8400151454659796
n238,0.3531318444929464,0.6468681555070536
n240,0.5483725463586431,0.451627453641357
n246246,0.1322284090972284,0.8677715909027716
n358,0.1526813676840139,0.8473186323159859
n359359,0.0363271642627128,0.9636728357372872
SAMN26308795,0.0,1.0
n360360,0.2470801629340273,0.7529198370659725
n361361,0.3194985143152706,0.6805014856847293
n398,0.0,1.0
SAMN26304755,0.0,1.0
n400,1.0,0.0
SAMN06680403,0.0,1.0
n405405,0.1313467468837056,0.8686532531162944
SAMN26305098,0.0,1.0
SAMN05194537,1.0,0.0
SAMN04622920,1.0,0.0
n412,0.1424159826763833,0.8575840173236167
n419419,0.1377484811081588,0.8622515188918412
SAMN26304502,0.0,1.0
SAMN26304496,0.0,1.0
SAMN10093587,0.0,1.0
SAMN26305030,0.0,1.0
SAMN26304414,0.0,1.0
SAMN26308862,0.0,1.0
n439,0.1364908740179604,0.8635091259820395
SAMN10093598,0.0,1.0
n442442,0.1475293671664084,0.8524706328335915
n443,0.1479192777829395,0.8520807222170605
n5,0.0332491810089827,0.9667508189910172
SAMN26304569,0.0,1.0
n7,0.0,1.0
SAMN26308491,0.0,1.0
n8,0.282728315826439,0.717271684173561
n9,0.2933587346189625,0.7066412653810374
n1010,0.1606831362365045,0.8393168637634955
n1111,0.1606831362365045,0.8393168637634955
n2121,0.0868246249121135,0.9131753750878864
n2525,0.0558210227953462,0.9441789772046538
n46,0.000808504620997,0.999191495379003
SAMN26308466,0.0,1.0
SAMN11285026,0.0,1.0
SAMN13622037,0.0,1.0
n58,6.9825784892363545e-09,0.9999999930174216
n6060,1.8772674373283357e-07,0.9999998122732564
n6767,0.2351670355189199,0.7648329644810801
n229,0.1861975001575581,0.813802499842442
n232232,0.1433751719464077,0.8566248280535922
SAMN06311519,0.0,1.0
n238238,0.995935379593678,0.0040646204063219
n239239,0.1941720818924371,0.8058279181075629
n240240,0.5483725463586431,0.451627453641357
SAMN13082391,0.0,1.0
n247,0.1481559237540648,0.8518440762459353
n248,0.1322284090972284,0.8677715909027716
SAMN27404335,0.0,1.0
SAMN27404364,1.0,0.0
SAMN26308794,1.0,0.0
SAMN26308814,0.0,1.0
n361,0.1380985013940439,0.861901498605956
SAMN13082267,0.0,1.0
n362,0.3225571225196879,0.6774428774803122
SAMN15868351,0.0,1.0
SAMN26308850,0.0,1.0
SAMN26308866,0.0,1.0
SAMN04122821,1.0,0.0
SAMN04339728,1.0,0.0
n406,0.1337300660032269,0.8662699339967731
SAMN11319406,0.0,1.0
n412412,0.1380976090729155,0.8619023909270844
SAMN26305099,0.0,1.0
n420,0.1372316686618917,0.8627683313381083
SAMN10093575,0.0,1.0
n439439,0.1424051623857325,0.8575948376142675
n441441,0.1335912455774938,0.8664087544225062
SAMN26308806,0.0,1.0
SAMN13422992,0.0,1.0
n443443,0.1479192777829389,0.852080722217061
SAMN27404411,0.0,1.0
SAMN07450852,0.0,1.0
SAMN05510453,0.0,1.0
SAMN26308496,0.0,1.0
SAMN26308497,0.0,1.0
n88,0.9674205079189384,0.0325794920810615
SAMN09400839,0.0,1.0
SAMN28174092,1.0,0.0
SAMN26366668,0.0,1.0
SAMN27404383,0.0,1.0
SAMN28174009,1.0,0.0
n12,0.0,1.0
SAMN15868239,0.0,1.0
n2222,0.0933458402881546,0.9066541597118452
SAMN26308492,0.0,1.0
n26,0.07043694866926,0.92956305133074
n28,0.0558210227953462,0.9441789772046538
n4646,0.0,1.0
n47,6.939117892082501e-05,0.9999306088210792
n5858,6.9825784892363545e-09,0.9999999930174216
SAMN11335454,0.0,1.0
SAMN11335449,0.0,1.0
SAMN11335455,0.0,1.0
n68,0.1586104334171463,0.8413895665828537
n136136,0.2351670355189199,0.7648329644810801
n229229,0.1666529044033305,0.8333470955966694
SAMN13082281,0.0,1.0
n233,0.076825216015992,0.923174783984008
n236,0.1002667839894869,0.8997332160105131
n239,0.9951113944181912,0.0048886055818089
SAMN02801890,1.0,0.0
SAMN13622048,0.0,1.0
SAMN09400875,0.0,1.0
n241,0.5483725463586431,0.451627453641357
SAMN15868698,0.0,1.0
n247247,0.4088298483181679,0.5911701516818321
SAMN05463123,0.0,1.0
n248248,0.1322284090972284,0.8677715909027716
n250,0.1035060646711673,0.8964939353288327
SAMN27404354,0.0,1.0
SAMN27404323,0.0,1.0
n362362,0.3225571225196879,0.6774428774803122
n381381,0.3639953270493456,0.6360046729506543
n406406,0.0,1.0
SAMN26304413,0.0,1.0
n413,0.1431744704911897,0.8568255295088102
n414,0.1367076050087073,0.8632923949912927
n420420,0.1328945761273229,0.8671054238726771
SAMN26308841,0.0,1.0
n441,0.1135818804827136,0.8864181195172863
n440440,0.1474282802157769,0.852571719784223
SAMN09405757,0.0,1.0
SAMN10093580,0.0,1.0
n444,0.0,1.0
SAMN10093648,0.0,1.0
SAMN31390129,1.0,0.0
SAMN31390130,1.0,0.0
SAMN13622034,0.0,1.0
SAMN16340147,0.0,1.0
n23,0.0933458402881546,0.9066541597118452
SAMN26305071,0.0,1.0
n2626,0.0214220510966388,0.9785779489033612
n27,0.0983299206916515,0.9016700793083484
n2828,0.0597359386774306,0.9402640613225696
n3434,0.0558210227953462,0.9441789772046538
SAMN26308469,0.0,1.0
SAMN26308465,0.0,1.0
SAMN26308467,0.0,1.0
SAMN26308468,0.0,1.0
n59,6.9825784892363545e-09,0.9999999930174216
SAMN11335456,0.0,1.0
n6868,0.1586104334171463,0.8413895665828537
n124124,0.917329101443642,0.0826708985563581
n137,0.2351670355189199,0.7648329644810801
n211211,0.2351670355189199,0.7648329644810801
n230,0.1666529044033305,0.8333470955966694
SAMN13082242,0.0,1.0
n233233,0.073370642572595,0.926629357427405
SAMN15226391,0.0,1.0
n236236,0.0098904801530146,0.9901095198469854
n237,0.0104537514737966,0.9895462485262032
SAMN02801889,1.0,0.0
SAMN11319494,0.0,1.0
n241241,0.5738677122319477,0.4261322877680523
SAMN06702089,0.0,1.0
SAMN27404346,1.0,0.0
SAMN27404347,0.0,1.0
SAMN13082245,0.0,1.0
n249249,0.2288740848806069,0.7711259151193931
n250250,0.1035060646711673,0.8964939353288327
n357357,0.110602403084867,0.889397596915133
n363,0.3225571225196879,0.6774428774803122
n374374,0.3225571225196879,0.6774428774803122
n382,0.2271196593108378,0.7728803406891621
n382382,0.3639953270493456,0.6360046729506543
SAMN26308887,0.0,1.0
SAMN26305031,0.0,1.0
n413413,0.1456327641508431,0.854367235849157
SAMN26305101,0.0,1.0
n414414,0.1352151501777166,0.8647848498222834
n419,0.1404103032173373,0.8595896967826627
n421,0.1328945761273229,0.8671054238726771
SAMN11319189,0.0,1.0
SAMN10093579,0.0,1.0
SAMN10093573,0.0,1.0
SAMN26305087,0.0,1.0
SAMN26304399,0.0,1.0
n444444,1.0,0.0
SAMN26308810,0.0,1.0
n2323,0.0233772651838764,0.9766227348161236
SAMN26308480,0.0,1.0
SAMN10093604,0.0,1.0
SAMN10093603,0.0,1.0
n2727,0.012748366471552,0.987251633528448
SAMN26304706,0.0,1.0
n29,0.0592204402142868,0.9407795597857131
n3333,0.083763714696306,0.916236285303694
n35,0.0913495369491788,0.9086504630508212
n3535,0.0558210227953462,0.9441789772046538
n5959,6.9825784892363545e-09,0.9999999930174216
SAMN11335465,0.0,1.0
n69,0.1586104334171463,0.8413895665828537
SAMN10435685,1.0,0.0
n125,0.9956703103899126,0.0043296896100874
n125125,0.9999261241371398,7.38758628602517e-05
n137137,0.2252619527302788,0.7747380472697212
SAMN11319299,0.0,1.0
n212,0.2351670355189199,0.7648329644810801
n228228,0.2072767069673275,0.7927232930326725
n230230,0.1262500660836636,0.8737499339163365
n231231,0.0701141586659195,0.9298858413340806
n234,0.044386989097001,0.955613010902999
n235,0.0919481790905788,0.908051820909421
SAMN26308796,0.0,1.0
SAMN26308868,0.0,1.0
SAMN26304757,0.0,1.0
SAMN26308854,0.0,1.0
n242,0.6674738241347458,0.3325261758652543
n243,0.5995441794256646,0.4004558205743354
SAMN14792114,0.0,1.0
SAMN06702070,1.0,0.0
n251,0.1022623669207359,0.8977376330792641
n319,0.1035060646711673,0.8964939353288327
SAMN13082393,0.0,1.0
SAMN26304499,0.0,1.0
n363363,0.3225571225196879,0.6774428774803122
n367,0.2810993422959688,0.7189006577040312
n375,0.3049282204743294,0.6950717795256706
n380380,0.3225571225196879,0.6774428774803122
SAMN09400819,1.0,0.0
SAMN13423005,0.0,1.0
n383,0.3700249837981653,0.6299750162018347
n394,0.3639953270493456,0.6360046729506543
SAMN26305100,0.0,1.0
SAMN26304932,0.0,1.0
n415,0.1344356111283467,0.8655643888716532
n415415,0.1352151501777166,0.8647848498222834
SAMN13082280,0.0,1.0
SAMN26308812,0.0,1.0
n421421,0.1328945761273229,0.8671054238726771
SAMN26308874,0.0,1.0
SAMN26308838,0.0,1.0
SAMN26308811,1.0,0.0
n24,0.0147370818502636,0.9852629181497364
SAMN26305018,0.0,1.0
SAMN26308479,0.0,1.0
SAMN26308478,0.0,1.0
n2929,0.0592819381486158,0.9407180618513844
SAMN06702061,0.0,1.0
n34,0.0,1.0
SAMN26308498,0.0,1.0
SAMN15868166,0.0,1.0
SAMN09400850,0.0,1.0
n36,0.0558210227953462,0.9441789772046538
n3737,0.0558210227953462,0.9441789772046538
n60,0.0,1.0
SAMN11335457,0.0,1.0
n6969,0.1586104334171463,0.8413895665828537
n119,0.1452089271581943,0.8547910728418057
SAMN05374483,1.0,0.0
SAMN05374480,1.0,0.0
n126,0.99992612413714,7.387586286025154e-05
SAMN05374482,1.0,0.0
n138,0.1794628942308596,0.8205371057691404
n207207,0.1843779974733852,0.8156220025266147
n212212,0.2351670355189199,0.7648329644810801
n224224,0.2140352620007784,0.7859647379992215
SAMN25226678,0.0,1.0
SAMN16935937,0.0,1.0
n231,0.2302316498498838,0.7697683501501162
SAMN13082252,0.0,1.0
SAMN09400869,0.0,1.0
SAMN09400833,0.0,1.0
n234234,0.044386989097001,0.955613010902999
SAMN13082360,0.0,1.0
n235235,0.0919481790905788,0.908051820909421
SAMN27404350,0.0,1.0
n242242,0.6173570957644029,0.3826429042355971
SAMN02801819,1.0,0.0
n243243,0.6311283224529514,0.3688716775470487
n244244,0.5995441794256646,0.4004558205743354
n251251,0.1022623669207359,0.8977376330792641
n318,0.1170611085808869,0.8829388914191131
n319319,0.0931095657031927,0.9068904342968072
n320320,0.1035060646711673,0.8964939353288327
n364,0.3225571225196879,0.6774428774803122
SAMN26304907,0.0,1.0
n367367,0.2713695112542643,0.7286304887457355
n370,0.2865362889671128,0.7134637110328872
n375375,0.3049282204743294,0.6950717795256706
SAMN26308820,0.0,1.0
n381,0.3225571225196879,0.6774428774803122
SAMN02801895,1.0,0.0
n383383,0.3700249837981663,0.6299750162018338
SAMN26308834,0.0,1.0
SAMN26304759,0.0,1.0
SAMN13082251,0.0,1.0
SAMN11319183,0.0,1.0
SAMN13082413,0.0,1.0
n416,0.1381388849367706,0.8618611150632293
n417,0.1352151501777166,0.8647848498222834
n422,0.1350338238559737,0.8649661761440262
n423,0.1328945761273229,0.8671054238726771
n2424,0.0020481504740047,0.9979518495259952
SAMN26308463,0.0,1.0
n30,0.0592819381486158,0.9407180618513844
n32,0.0828235943552569,0.917176405644743
SAMN26308489,0.0,1.0
SAMN26308470,0.0,1.0
n3636,0.0860462481435213,0.9139537518564786
n37,0.0711105636948893,0.9288894363051108
n38,0.0643499678688995,0.9356500321311004
SAMN26308487,0.0,1.0
SAMN11335464,0.0,1.0
SAMN11335463,0.0,1.0
n70,0.1586104334171463,0.8413895665828537
n106,0.1412203440543562,0.8587796559456438
n119119,0.2481789186037928,0.7518210813962072
n120120,0.1004144920958452,0.8995855079041547
n126126,0.9999261241371398,7.387586286025154e-05
SAMN05178548,1.0,0.0
n138138,0.1794628942308596,0.8205371057691404
n146146,0.1879198061828044,0.8120801938171957
n208,0.1895495245644096,0.8104504754355903
n210210,0.1843779974733852,0.8156220025266147
n213,0.0852213834296488,0.9147786165703512
n217,0.1958244459060281,0.8041755540939719
n225,0.2837425384653959,0.7162574615346041
n226226,0.1564859141144961,0.8435140858855039
SAMN27404386,0.0,1.0
SAMN27404404,1.0,0.0
SAMN27404365,0.0,1.0
SAMN27404442,0.0,1.0
SAMN26367022,0.0,1.0
SAMN30109982,0.0,1.0
SAMN02801907,1.0,0.0
SAMN13082415,0.0,1.0
n244,0.536469047130175,0.463530952869825
SAMN13082302,1.0,0.0
SAMN15868503,1.0,0.0
SAMN11285030,1.0,0.0
n252,0.1022623669207359,0.8977376330792641
n252252,0.1016927260381697,0.8983072739618304
n318318,0.0002314744923113,0.9997685255076886
SAMN11335437,0.0,1.0
n320,0.0898284797944423,0.9101715202055576
SAMN13082402,0.0,1.0
n321,0.1032306121142579,0.8967693878857421
n322,0.1035060646711673,0.8964939353288327
n364364,0.3225571225196879,0.6774428774803122
SAMN13082370,0.0,1.0
n368,0.1809609660862347,0.8190390339137653
n369369,0.2713695112542643,0.7286304887457355
n370370,0.1835683130243988,0.8164316869756012
n371,0.2865362889671128,0.7134637110328872
n376,0.2813945301734251,0.7186054698265749
SAMN13082301,0.0,1.0
SAMN26304469,0.0,1.0
SAMN13082380,0.0,1.0
n384,0.9900647997485204,0.0099352002514796
n384384,0.3700249837981663,0.6299750162018338
n416416,0.070811175365794,0.929188824634206
SAMN11319300,0.0,1.0
n417417,0.1305844182866747,0.8694155817133252
SAMN26308786,0.0,1.0
n422422,0.134164425687893,0.8658355743121069
SAMN26308853,0.0,1.0
n423423,0.1787053752189636,0.8212946247810363
n433,0.1328945761273229,0.8671054238726771
n25,0.0016474732345657,0.9983525267654342
SAMN26305017,0.0,1.0
n3030,0.0592819381486158,0.9407180618513844
SAMN11319381,0.0,1.0
SAMN06702094,0.0,1.0
SAMN26308485,0.0,1.0
SAMN15868206,1.0,0.0
SAMN26305019,0.0,1.0
SAMN11319340,0.0,1.0
SAMN10093614,0.0,1.0
n3838,0.0643499678688995,0.9356500321311004
SAMN26308475,0.0,1.0
n7070,0.1586104334171463,0.8413895665828537
n104104,0.1728539325487742,0.8271460674512257
n106106,0.1302460958680555,0.8697539041319444
n107107,0.128690597671782,0.871309402328218
n120,1.0,0.0
SAMN09400801,0.0,1.0
n121,0.1004144920958452,0.8995855079041547
n121121,0.0953741175501248,0.9046258824498752
n127,0.9983498528763216,0.0016501471236785
n127127,0.9999261241371395,7.387586286025183e-05
n139,0.0488753505219046,0.9511246494780954
n143,0.1146518506721792,0.8853481493278208
n147,0.2307877884752807,0.7692122115247192
n200200,0.1243701362438816,0.8756298637561184
n208208,0.1891840325235784,0.8108159674764215
SAMN27404459,1.0,0.0
n211,0.1628340932109493,0.8371659067890506
SAMN13082394,0.0,1.0
n213213,0.0852213834296488,0.9147786165703512
SAMN13082305,0.0,1.0
n217217,0.2804332887549326,0.7195667112450673
n221221,0.1958244459060281,0.8041755540939719
n225225,0.0014329323563508,0.9985670676436492
n226,0.8155266852566697,0.1844733147433303
n227,0.0096914960366397,0.9903085039633602
SAMN04122807,1.0,0.0
SAMN22677346,1.0,0.0
SAMN15868742,1.0,0.0
SAMN15868722,0.0,1.0
SAMN26305097,0.0,1.0
n253,0.1143147558709027,0.8856852441290972
n257,0.1016927260381697,0.8983072739618304
SAMN26308832,0.0,1.0
SAMN26308830,0.0,1.0
SAMN13082397,0.0,1.0
SAMN13082293,0.0,1.0
n321321,0.1032306121142579,0.8967693878857421
SAMN11319182,0.0,1.0
n322322,0.1170650599832514,0.8829349400167485
n323,0.1035060646711673,0.8964939353288327
n365,0.3225571225196879,0.6774428774803122
n366,0.3225571225196879,0.6774428774803122
n368368,8.473605095687229e-05,0.9999152639490432
SAMN27404369,0.0,1.0
SAMN28174099,1.0,0.0
SAMN29767728,0.0,1.0
SAMN26308827,0.0,1.0
SAMN26304561,0.0,1.0
n371371,0.2865362889671128,0.7134637110328872
n373373,0.2865362889671128,0.7134637110328872
n376376,0.2834742469669636,0.7165257530330363
SAMN13082292,0.0,1.0
SAMN02801826,1.0,0.0
SAMN02801822,1.0,0.0
n385,0.3700249837981663,0.6299750162018338
n387,0.3700249837981663,0.6299750162018338
SAMN26304753,0.0,1.0
SAMN26308761,0.0,1.0
n418,0.1358436843303993,0.8641563156696007
n418418,0.1195582877989544,0.8804417122010456
SAMN10093593,0.0,1.0
SAMN26304560,0.0,1.0
n424,0.2018491987566761,0.7981508012433238
n425425,0.1462039794113378,0.853796020588662
n433433,0.1328945761273229,0.8671054238726771
n435,0.0290160529344559,0.970983947065544
SAMN26309412,0.0,1.0
SAMN26308462,0.0,1.0
n31,0.0151138312780344,0.9848861687219655
SAMN25226641,0.0,1.0
n39,0.0643499678688995,0.9356500321311004
n4444,0.0777542680679157,0.9222457319320844
n71,0.1586104334171463,0.8413895665828537
SAMN13082233,0.0,1.0
n105,0.953604167953552,0.046395832046448
n105105,1.6713973502242297e-05,0.9999832860264978
n107,0.0005663037008115,0.9994336962991884
SAMN12220343,0.0,1.0
n108,0.128690597671782,0.871309402328218
n117117,0.0716161316663801,0.92838386833362
SAMN16340122,1.0,0.0
SAMN16340164,0.0,1.0
SAMN16340141,0.0,1.0
SAMN13082383,0.0,1.0
n122,0.0828327984807458,0.917167201519254
SAMN13082409,0.0,1.0
SAMN05374486,1.0,0.0
SAMN05374481,1.0,0.0
n128,1.0,9.091328928031528e-44
SAMN04096287,1.0,0.0
n139139,0.0488753505219046,0.9511246494780954
SAMN27404456,0.0,1.0
n143143,0.1126576083870363,0.8873423916129636
n145145,0.0658297288130659,0.934170271186934
n147147,0.2307877884752807,0.7692122115247192
SAMN11335376,0.0,1.0
n201,0.1126235385612243,0.8873764614387756
n207,0.0110287366906159,0.988971263309384
n209,0.1891840325235784,0.8108159674764215
n210,0.4108441035553459,0.589155896444654
SAMN27404431,0.0,1.0
SAMN13082367,0.0,1.0
n214,0.0852213834296488,0.9147786165703512
n215,0.0852213834296488,0.9147786165703512
n218,0.1733066975725374,0.8266933024274626
n220220,0.8295870276598676,0.1704129723401323
n222,0.1958244459060281,0.8041755540939719
n222222,0.1852515753486592,0.8147484246513408
SAMN26304556,0.0,1.0
SAMN26304621,0.0,1.0
SAMN04456582,1.0,0.0
SAMN04122822,1.0,0.0
n227227,0.0003941995464809,0.9996058004535192
SAMN13082300,0.0,1.0
n253253,0.1143147558709027,0.8856852441290972
n256,0.3175831348539839,0.6824168651460161
n257257,0.1016927260381697,0.8983072739618304
n317,0.1213327775350552,0.8786672224649448
SAMN13423026,0.0,1.0
SAMN13082381,0.0,1.0
SAMN13082329,0.0,1.0
SAMN09400842,0.0,1.0
n323323,0.1035060646711673,0.8964939353288327
n356356,0.1035060646711673,0.8964939353288327
n365365,0.1537236007067927,0.8462763992932073
SAMN26304761,0.0,1.0
SAMN13423020,0.0,1.0
SAMN13082243,0.0,1.0
n369,8.473605095687229e-05,0.9999152639490432
SAMN26308817,0.0,1.0
n372,0.1212423947526549,0.878757605247345
SAMN20203224,0.0,1.0
n374,1.0,0.0
SAMN11319313,0.0,1.0
n377,0.2208566986806557,0.7791433013193443
n378,0.2894692123559556,0.7105307876440443
n385385,0.0025112265777466,0.9974887734222534
SAMN13082414,0.0,1.0
n387387,0.3700249837981663,0.6299750162018338
n390390,0.3700249837981663,0.6299750162018338
SAMN26308882,0.0,1.0
SAMN26304885,0.0,1.0
SAMN26304501,0.0,1.0
SAMN11319168,0.0,1.0
n424424,0.2018491987566761,0.7981508012433238
SAMN26304505,0.0,1.0
n426,0.1462039794113384,0.8537960205886616
n432,0.1287967286447339,0.8712032713552661
n434,0.1328945761273229,0.8671054238726771
SAMN10093595,0.0,1.0
SAMN26308765,0.0,1.0
SAMN26308764,0.0,1.0
n3131,0.0014995302962532,0.9985004697037468
SAMN26304703,0.0,1.0
n3939,0.0643499678688995,0.9356500321311004
n40,0.0648045641241635,0.9351954358758364
n45,0.0777542680679157,0.9222457319320844
SAMN26308501,0.0,1.0
n7171,0.1586104334171463,0.8413895665828537
n101101,0.1334293708291218,0.8665706291708781
SAMN03892121,1.0,0.0
SAMN03892127,1.0,0.0
SAMN13082358,0.0,1.0
SAMN13082357,0.0,1.0
SAMN13082346,0.0,1.0
SAMN13082350,0.0,1.0
n108108,0.0,1.0
n109,0.1466306743254204,0.8533693256745796
n118,0.0915689142033892,0.9084310857966108
SAMN13082235,0.0,1.0
n122122,0.0786110470627713,0.9213889529372288
SAMN16340159,0.0,1.0
n128128,1.0,9.091328928031528e-44
n136,1.0,9.091328928031528e-44
n140,0.0428124711305954,0.9571875288694046
n142142,0.0391951252206174,0.9608048747793826
n144,0.0178679874590235,0.9821320125409764
SAMN27404401,0.0,1.0
n146,0.0018472865865495,0.9981527134134504
SAMN27404326,0.0,1.0
n148,0.2307877884752807,0.7692122115247192
n196,0.0061719857666146,0.9938280142333854
n201201,0.0167644313133395,0.9832355686866604
SAMN26308844,0.0,1.0
SAMN13082419,0.0,1.0
SAMN13082418,0.0,1.0
n209209,1.0,0.0
SAMN26308805,0.0,1.0
SAMN26308762,0.0,1.0
SAMN26308763,1.0,0.0
n214214,0.0772263918390512,0.9227736081609488
SAMN13082392,0.0,1.0
n215215,0.0,1.0
n216216,0.0796452744989323,0.9203547255010676
n218218,7.3769090984003e-08,0.999999926230909
SAMN27404418,0.0,1.0
n221,0.8295870276598676,0.1704129723401323
SAMN27404367,1.0,0.0
SAMN10093577,0.0,1.0
SAMN13082378,0.0,1.0
n223,0.1852515753486592,0.8147484246513408
n223223,0.1472759744229258,0.8527240255770742
n228,0.0003873212026439,0.999612678797356
SAMN13082297,0.0,1.0
n254,0.1165316930110288,0.8834683069889712
n254254,0.1143147558709027,0.8856852441290972
n256256,0.7271255481544918,0.2728744518455082
SAMN26308829,0.0,1.0
n258,0.1156171674573679,0.8843828325426322
n259,0.1016927260381697,0.8983072739618304
n317317,0.1457648565241473,0.8542351434758527
SAMN13082248,0.0,1.0
n324,0.1035060646711673,0.8964939353288327
n332332,0.1209089623463662,0.8790910376536338
n357,0.1035060646711673,0.8964939353288327
SAMN13082326,0.0,1.0
SAMN26304504,0.0,1.0
SAMN10435681,0.0,1.0
SAMN26308790,0.0,1.0
SAMN26308800,0.0,1.0
n372372,0.1212423947526549,0.878757605247345
SAMN26308864,0.0,1.0
SAMN13082276,1.0,0.0
SAMN26309424,0.0,1.0
n377377,0.2208566986806557,0.7791433013193443
SAMN13422999,0.0,1.0
n378378,0.5759330185999585,0.4240669814000415
n380,0.2894692123559556,0.7105307876440443
n386,6.621480929901885e-05,0.999933785190701
SAMN26308825,0.0,1.0
n388,0.2891022109446625,0.7108977890553375
SAMN26308886,0.0,1.0
n391,0.3700249837981663,0.6299750162018338
n393393,0.1337467653768501,0.8662532346231498
n425,0.2205678369226001,0.7794321630773998
SAMN06702095,1.0,0.0
n426426,0.1462039794113384,0.8537960205886616
n429,0.127360465446764,0.8726395345532361
n432432,0.1266119518111154,0.8733880481888846
SAMN26304540,0.0,1.0
n434434,0.1334120500166914,0.8665879499833085
SAMN26305032,0.0,1.0
SAMN26304702,0.0,1.0
SAMN26308464,0.0,1.0
SAMN26308482,0.0,1.0
SAMN16340140,0.0,1.0
n4040,0.0701123657008411,0.929887634299159
n43,0.0665654214742481,0.933434578525752
SAMN26308476,0.0,1.0
SAMN26308472,0.0,1.0
n72,0.1586104334171463,0.8413895665828537
n8686,0.1586104334171463,0.8413895665828537
n102,0.0550270166764532,0.9449729833235468
n104,0.1215999937425593,0.8784000062574406
SAMN13082268,0.0,1.0
SAMN13082261,0.0,1.0
n109109,0.1907198779415711,0.8092801220584288
n117,0.1010118985589319,0.898988101441068
n118118,0.0915689142033892,0.9084310857966108
SAMN13082244,0.0,1.0
n123,0.0843558317073139,0.915644168292686
SAMN27404381,0.0,1.0
n129,1.0,9.091328928031528e-44
n135135,0.999999999985251,1.4749051128372714e-11
SAMN04096289,1.0,0.0
SAMN05194544,1.0,0.0
n140140,0.0428124711305954,0.9571875288694046
SAMN27404398,0.0,1.0
SAMN27404408,0.0,1.0
SAMN27404409,0.0,1.0
n144144,0.0069489964818242,0.9930510035181758
SAMN13082232,0.0,1.0
SAMN06015666,0.0,1.0
SAMN06007769,0.0,1.0
n148148,0.2307877884752807,0.7692122115247192
n156,0.2307877884752807,0.7692122115247192
n196196,0.0061719857666146,0.9938280142333854
SAMN10093581,0.0,1.0
n202,0.0017687565103132,0.9982312434896868
SAMN11335408,0.0,1.0
SAMN16340161,1.0,0.0
SAMN16340160,1.0,0.0
SAMN13082314,0.0,1.0
SAMN13082400,0.0,1.0
n216,0.0,1.0
SAMN26308801,0.0,1.0
SAMN15869090,0.0,1.0
SAMN15869092,0.0,1.0
n219,7.3769090984003e-08,0.999999926230909
n220,1.591465506412368e-09,0.9999999984085344
SAMN27404400,1.0,0.0
SAMN27404391,1.0,0.0
SAMN06702069,1.0,0.0
SAMN13082408,0.0,1.0
n224,0.0,1.0
SAMN13082265,0.0,1.0
SAMN13082298,0.0,1.0
SAMN13082299,1.0,0.0
SAMN26304338,0.0,1.0
SAMN10093585,0.0,1.0
n255,0.1152146173345817,0.8847853826654182
SAMN13082374,0.0,1.0
SAMN06702082,1.0,0.0
SAMN26308792,0.0,1.0
n258258,0.0136275273167547,0.9863724726832452
SAMN26304536,0.0,1.0
n259259,0.1016927260381697,0.8983072739618304
SAMN13082371,0.0,1.0
SAMN06015662,1.0,0.0
SAMN26304411,0.0,1.0
n324324,0.1035060646711673,0.8964939353288327
n331331,0.1095509991139417,0.8904490008860582
n333,0.1209089623463662,0.8790910376536338
n353353,0.1314607103004771,0.8685392896995229
SAMN10093592,0.0,1.0
SAMN13423024,0.0,1.0
n373,0.0,1.0
SAMN26304624,0.0,1.0
SAMN13423021,0.0,1.0
SAMN26304930,0.0,1.0
n379,1.0,0.0
SAMN26308852,1.0,0.0
SAMN26308889,0.0,1.0
SAMN26304339,0.0,1.0
n386386,1.2241060531625495e-05,0.9999877589394685
SAMN26308791,0.0,1.0
n388388,0.2446802668068232,0.7553197331931768
n389389,0.2358953366212371,0.7641046633787628
n391391,0.0317705044609175,0.9682294955390824
n392,0.3700249837981663,0.6299750162018338
SAMN13082234,0.0,1.0
SAMN26308851,0.0,1.0
SAMN05194531,1.0,0.0
SAMN26304760,0.0,1.0
n427,0.1196447133014048,0.8803552866985953
n428,0.1462039794113384,0.8537960205886616
n429429,0.1272307787384074,0.8727692212615926
SAMN10093586,0.0,1.0
SAMN26304498,0.0,1.0
SAMN26308788,0.0,1.0
SAMN26305033,0.0,1.0
SAMN13082282,0.0,1.0
n41,0.0715351623012374,0.9284648376987626
n42,0.0794343618069266,0.9205656381930734
n4343,0.0665654214742481,0.933434578525752
SAMN26308483,0.0,1.0
n7272,0.1586104334171463,0.8413895665828537
n8484,0.1007642989787866,0.8992357010212134
n87,0.1586104334171463,0.8413895665828537
n95,0.1538930344597565,0.8461069655402434
n102102,0.054522074248802,0.945477925751198
SAMN13082327,0.0,1.0
SAMN13082403,0.0,1.0
SAMN09400857,0.0,1.0
n110,0.1907198779415711,0.8092801220584288
n111111,0.1907198779415711,0.8092801220584288
SAMN10093594,0.0,1.0
SAMN07775517,0.0,1.0
SAMN13082239,0.0,1.0
SAMN13082229,1.0,0.0
n123123,0.0557209869280583,0.9442790130719416
n124,0.3471736063577041,0.6528263936422959
n129129,1.0,9.091328928031528e-44
n130130,1.0,9.091328928031528e-44
SAMN05194540,1.0,0.0
SAMN05194542,1.0,0.0
n141,0.0425891857823537,0.9574108142176464
n142,0.1300892568979536,0.8699107431020464
n145,0.0077999478965818,0.992200052103418
SAMN13082262,0.0,1.0
n149,0.2307877884752807,0.7692122115247192
n154154,0.2307877884752807,0.7692122115247192
n156156,0.2307877884752807,0.7692122115247192
n187187,0.2307877884752814,0.7692122115247185
n197,0.0061719857666146,0.9938280142333854
SAMN13082283,0.0,1.0
n202202,0.0015338551916066,0.9984661448083934
n204204,0.0003565095301537,0.9996434904698462
SAMN26308843,0.0,1.0
SAMN26308839,0.0,1.0
n219219,0.0,1.0
SAMN11335446,0.0,1.0
SAMN11335440,0.0,1.0
SAMN11335447,0.0,1.0
SAMN13082362,0.0,1.0
SAMN13082361,0.0,1.0
n255255,0.0045215722773319,0.995478427722668
SAMN10093596,0.0,1.0
SAMN10435675,0.0,1.0
SAMN09400873,0.0,1.0
n260,0.0730676711066692,0.9269323288933308
n262,0.1016927260381697,0.8983072739618304
n325,0.1035060646711673,0.8964939353288327
n325325,0.1035060646711673,0.8964939353288327
n332,0.0125184869097267,0.9874815130902732
SAMN13082294,0.0,1.0
n333333,0.0237197405425146,0.9762802594574852
n344,0.169098244312978,0.830901755687022
n354,0.071874355816355,0.9281256441836452
SAMN16895654,0.0,1.0
SAMN26308808,0.0,1.0
SAMN26308798,0.0,1.0
n379379,1.0,0.0
SAMN02801877,1.0,0.0
SAMN26308837,0.0,1.0
SAMN26308856,0.0,1.0
n389,0.0200270643563844,0.9799729356436157
SAMN15868462,0.0,1.0
n390,0.0211670635080074,0.9788329364919928
SAMN13082369,0.0,1.0
SAMN26308855,0.0,1.0
SAMN26308884,0.0,1.0
n392392,0.4338582315250028,0.5661417684749972
SAMN13082288,0.0,1.0
n427427,0.1143284363343533,0.8856715636656467
SAMN26305029,0.0,1.0
n428428,0.0,1.0
SAMN26304462,0.0,1.0
n430,0.0853174611333519,0.914682538866648
SAMN26308865,0.0,1.0
n4141,0.0665780842450337,0.9334219157549664
SAMN26304707,0.0,1.0
n4242,0.078005590280876,0.921994409719124
SAMN26308500,0.0,1.0
SAMN10093615,0.0,1.0
SAMN26304385,0.0,1.0
n73,0.1586104334171463,0.8413895665828537
n8383,0.2867742852854232,0.7132257147145767
n85,0.0828754807537174,0.9171245192462826
SAMN13622046,0.0,1.0
n8787,0.1586104334171463,0.8413895665828537
n94,0.1374373556868003,0.8625626443131997
n9595,0.1357642090693578,0.8642357909306421
n9898,0.1527611565125667,0.8472388434874333
n103,0.0006870788173929,0.9993129211826072
SAMN13622053,0.0,1.0
n110110,0.1907198779415711,0.8092801220584288
SAMN12220340,1.0,0.0
n112,0.1907198779415711,0.8092801220584288
n115,0.0893751459139964,0.9106248540860036
SAMN27404313,0.0,1.0
SAMN27404339,0.0,1.0
SAMN27404389,1.0,0.0
SAMN27404388,0.0,1.0
n130,0.999999999985251,1.4749051128372714e-11
SAMN04096286,1.0,0.0
n131,1.0,9.091328928031528e-44
SAMN05194543,1.0,0.0
n141141,0.0179173252335633,0.9820826747664368
SAMN27404455,0.0,1.0
SAMN27404370,0.1300892568979536,0.8699107431020464
SAMN27404371,0.1300892568979536,0.8699107431020464
SAMN13082231,0.0,1.0
SAMN13082230,0.0,1.0
n149149,0.2307877884752807,0.7692122115247192
n153153,0.1691419180451152,0.8308580819548848
n155,0.8789987912748984,0.1210012087251015
SAMN13082320,0.0,1.0
n157,0.2307877884752807,0.7692122115247192
n178,0.2307877884752807,0.7692122115247192
n188,0.2307877884752814,0.7692122115247185
n193193,0.1863343911803466,0.8136656088196533
n197197,0.0061719857666146,0.9938280142333854
SAMN13082291,0.0,1.0
n203,2.3279687038308348e-06,0.9999976720312962
SAMN11335417,0.0,1.0
n205,2.4212608263098192e-05,0.9999757873917368
SAMN11335411,0.0,1.0
SAMN11335448,0.0,1.0
SAMN11335445,0.0,1.0
SAMN26308809,0.0,1.0
SAMN26308787,0.0,1.0
n260260,0.0706117162893368,0.9293882837106632
SAMN13082382,0.0,1.0
n262262,0.1016927260381697,0.8983072739618304
n265,0.0791199682861197,0.9208800317138802
SAMN26308891,0.0,1.0
SAMN06702071,0.0,1.0
n326,0.1117760896483925,0.8882239103516074
SAMN26305182,0.0,1.0
SAMN26308840,0.0,1.0
SAMN26308863,0.0,1.0
n334,0.0237197405425146,0.9762802594574852
SAMN13082348,0.0,1.0
n344344,0.169098244312978,0.830901755687022
n347,0.169098244312978,0.830901755687022
n354354,0.0,1.0
SAMN26304559,0.0,1.0
SAMN02801876,1.0,0.0
SAMN02801878,1.0,0.0
SAMN26305180,0.0,1.0
SAMN26305183,0.0,1.0
SAMN26308835,0.0,1.0
SAMN26308881,0.0,1.0
n393,0.9868338228310924,0.0131661771689075
SAMN13082417,0.0,1.0
SAMN26308849,0.0,1.0
SAMN26304758,0.0,1.0
SAMN26308783,0.0,1.0
SAMN26308782,0.0,1.0
n430430,0.0805350192964406,0.9194649807035594
SAMN26308778,0.0,1.0
SAMN26308488,0.0,1.0
SAMN26308473,0.0,1.0
SAMN30370668,0.0,1.0
SAMN26304873,0.0,1.0
n7373,0.1586104334171463,0.8413895665828537
SAMN13622052,0.0,1.0
n84,0.999947084575434,5.291542456592814e-05
SAMN06007773,0.0,1.0
n8585,0.081254268987469,0.9187457310125308
n86,0.0001096624003918,0.9998903375996082
n8888,0.0665945910496854,0.9334054089503144
SAMN26308847,0.0,1.0
n9494,0.0658940041486374,0.9341059958513628
SAMN13082398,0.0,1.0
n96,0.133273443996703,0.8667265560032971
n98,0.2123079867944985,0.7876920132055014
n9999,0.0078669514359398,0.9921330485640604
n100100,0.1527611565125664,0.8472388434874336
n103103,0.0006870788173929,0.9993129211826072
SAMN13082341,0.0,1.0
n111,0.0,1.0
SAMN15868694,1.0,0.0
n112112,0.1907198779415711,0.8092801220584288
SAMN04393398,0.0,1.0
n115115,0.1261237977618999,0.8738762022381001
SAMN26308846,0.0,1.0
SAMN05194541,1.0,0.0
SAMN05194539,1.0,0.0
n131131,1.0,9.091328928031528e-44
SAMN04622925,1.0,0.0
SAMN27404394,0.0,1.0
SAMN27404439,0.0,1.0
n150,0.2307877884752807,0.7692122115247192
n150150,0.59782896340907,0.40217103659093
n154,0.0930322608026299,0.90696773919737
SAMN13082279,0.0,1.0
n155155,1.0,0.0
SAMN02801817,1.0,0.0
n157157,0.2307877884752814,0.7692122115247185
n160160,0.2307877884752807,0.7692122115247192
n178178,0.1734881122205548,0.8265118877794452
n180180,0.2307877884752814,0.7692122115247185
n188188,0.2307877884752814,0.7692122115247185
n193,0.2307084102979382,0.7692915897020618
n194,0.1882447081738145,0.8117552918261854
SAMN13082377,0.0,1.0
n198,0.0114213190698538,0.9885786809301462
n199199,0.0,1.0
n203203,1.4747038479227078e-08,0.9999999852529616
SAMN11335425,0.0,1.0
n205205,1.3095685185402737e-06,0.9999986904314816
SAMN11335419,0.0,1.0
n261,0.0663038305509758,0.9336961694490242
SAMN27404321,0.0,1.0
n263,0.9999999894138708,1.0586129339844328e-08
SAMN13082328,0.0,1.0
n265265,0.0791199682861197,0.9208800317138802
n316316,0.1455709302099993,0.8544290697900007
n326326,0.1117760896483925,0.8882239103516074
SAMN26304756,0.0,1.0
n334334,0.0800712346532091,0.9199287653467908
n335,0.0237197405425146,0.9762802594574852
n345,0.9999992172557188,7.827442812309748e-07
n345345,0.1465479444161761,0.8534520555838239
n347347,0.2022974598996637,0.7977025401003361
n351,0.169098244312978,0.830901755687022
n355,0.0,1.0
n356,0.0,1.0
SAMN02801906,1.0,0.0
SAMN02801896,1.0,0.0
n431,0.1312982548061576,0.8687017451938424
n431431,0.0037096313798241,0.9962903686201758
n74,0.199151188678384,0.800848811321616
n7474,0.1586104334171463,0.8413895665828537
SAMN04622922,1.0,0.0
SAMN05194538,1.0,0.0
SAMN26308818,0.0,1.0
SAMN13082379,0.0,1.0
SAMN13082263,0.0,1.0
SAMN13082264,0.0,1.0
n89,0.0386956473676064,0.9613043526323936
SAMN13082241,0.0,1.0
SAMN13082250,0.0,1.0
SAMN13082238,0.0,1.0
n9696,0.0984505298680938,0.9015494701319062
SAMN13082275,0.0,1.0
SAMN27404382,0.0,1.0
SAMN27404327,1.0,0.0
n100,0.0021080467350195,0.9978919532649804
SAMN13082384,0.0,1.0
n101,0.1527611565125664,0.8472388434874336
SAMN13082352,0.0,1.0
SAMN13082339,0.0,1.0
SAMN13082340,0.0,1.0
SAMN07332520,0.0,1.0
SAMN07332516,0.0,1.0
n113,0.1899148001488725,0.8100851998511274
n113113,0.1907198779415711,0.8092801220584288
n116,0.3388236428205319,0.6611763571794681
SAMN26308822,0.0,1.0
n132,1.0,9.091328928031528e-44
n134134,1.0,9.091328928031528e-44
SAMN11319321,0.0,1.0
SAMN05774075,0.0,1.0
n151,0.051299296699788,0.948700703300212
SAMN13082266,1.0,0.0
SAMN26308797,0.0,1.0
SAMN09400870,0.0,1.0
SAMN02801843,1.0,0.0
SAMN02801868,1.0,0.0
n158,0.2642644094008425,0.7357355905991575
n160,0.2050777559359362,0.7949222440640638
n161,0.1822018127391478,0.8177981872608523
n174174,0.3340078512205724,0.6659921487794275
n179,0.1560343798154536,0.8439656201845462
SAMN28174062,1.0,0.0
n181,0.1953110150756521,0.8046889849243478
n184184,0.2215694589998374,0.7784305410001626
n189,0.1613282430528069,0.8386717569471932
n191,0.0,1.0
SAMN10093554,0.0,1.0
SAMN07775513,0.0,1.0
n194194,0.0,1.0
n195195,0.2379634857011577,0.7620365142988424
n198198,0.0096312616068243,0.9903687383931756
SAMN27404447,0.0,1.0
n200,0.0,1.0
SAMN05806174,0.0,1.0
n204,2.0810022993644052e-09,0.9999999979189976
SAMN11335416,0.0,1.0
n206,8.752091368525104e-08,0.9999999124790864
SAMN11335404,0.0,1.0
n261261,0.0722685245450387,0.9277314754549614
SAMN11319444,0.0,1.0
n263263,0.9999999894138708,1.0586129339844328e-08
SAMN02801840,1.0,0.0
n266,0.0196433630125021,0.980356636987498
SAMN13082237,0.0,1.0
SAMN13082387,0.0,1.0
SAMN15868523,1.0,0.0
n327,0.1150204893455179,0.8849795106544821
SAMN26308861,0.0,1.0
SAMN13082345,0.0,1.0
SAMN26308766,1.0,0.0
n335335,0.0237197405425146,0.9762802594574852
n336336,0.0191877439233864,0.9808122560766136
SAMN02801827,1.0,0.0
SAMN02801828,1.0,0.0
n346,0.1441900237830291,0.8558099762169709
n346346,0.0173000032866614,0.9826999967133386
n348,0.1461033130384771,0.8538966869615229
n348348,0.2022974598996637,0.7977025401003361
n351351,0.169098244312978,0.830901755687022
SAMN09400835,0.0,1.0
n355355,0.0,1.0
SAMN26304554,0.0,1.0
SAMN26304555,0.0,1.0
SAMN26304553,0.0,1.0
SAMN26308873,0.1312982548061576,0.8687017451938424
SAMN26308872,0.1312982548061576,0.8687017451938424
SAMN26308780,0.0,1.0
SAMN26308779,0.0,1.0
SAMN27404312,1.0,0.0
SAMN27404315,0.0,1.0
n75,0.1428373012618312,0.8571626987381689
n8282,0.1586104334171463,0.8413895665828537
n8989,0.0095873151499227,0.9904126848500772
n93,0.0414941442727274,0.9585058557272724
n97,0.0938303064883083,0.9061696935116916
SAMN13082343,0.0,1.0
SAMN13082385,0.0,1.0
SAMN13082386,0.0,1.0
SAMN26308893,0.0,1.0
SAMN27020195,0.0,1.0
SAMN04022944,0.0,1.0
SAMN12220342,1.0,0.0
n114,0.1907198779415711,0.8092801220584288
SAMN13622036,1.0,0.0
n116116,0.0041395587419356,0.9958604412580644
SAMN26308821,1.0,0.0
n132132,1.0,9.091328928031528e-44
SAMN04622926,1.0,0.0
n135,1.0,0.0
SAMN04122814,1.0,0.0
n151151,0.0048295250253931,0.9951704749746068
SAMN16340148,0.0,1.0
n158158,0.7095192934438198,0.2904807065561802
SAMN27404457,0.0,1.0
SAMN26308871,0.0,1.0
SAMN27404448,0.0,1.0
n161161,0.1506799413372058,0.8493200586627943
n173,0.0265673315689832,0.9734326684310168
n175,0.3340078512205724,0.6659921487794275
n176176,0.3340078512205724,0.6659921487794275
n179179,0.1560343798154536,0.8439656201845462
SAMN14792069,0.0,1.0
n181181,0.1953110150756515,0.8046889849243484
n182182,0.1953110150756521,0.8046889849243478
n185,1.0,0.0
n185185,0.128385148850072,0.8716148511499279
n189189,0.0205463965847303,0.9794536034152695
n190190,0.0,1.0
n191191,0.0,1.0
SAMN11335386,0.0,1.0
n195,0.0,1.0
SAMN27404344,0.0,1.0
SAMN15868476,1.0,0.0
SAMN31488201,0.0,1.0
n199,0.0096312616068243,0.9903687383931756
SAMN06672151,0.0,1.0
SAMN05774078,0.0,1.0
SAMN05774085,0.0,1.0
SAMN11335426,0.0,1.0
SAMN11335424,0.0,1.0
n206206,1.0729532630175794e-08,0.9999999892704674
SAMN11335409,0.0,1.0
SAMN27404336,0.0,1.0
SAMN13082278,0.0,1.0
n264,0.9999999894138708,1.0586129339844328e-08
SAMN02801838,1.0,0.0
n266266,0.0196433630125021,0.980356636987498
SAMN15868644,0.0,1.0
n327327,0.053991301876063,0.9460086981239372
n331,0.1249587140662926,0.8750412859337073
n336,0.0408511094022742,0.9591488905977258
SAMN13082355,0.0,1.0
n337,0.0195528742376057,0.9804471257623943
n342342,0.0191877439233864,0.9808122560766136
SAMN13082347,0.0,1.0
SAMN13082353,0.0,1.0
SAMN13082313,0.0,1.0
SAMN13082312,0.0,1.0
SAMN26308789,0.0,1.0
SAMN09400878,0.0,1.0
n349,0.2058836887835406,0.7941163112164593
n350,0.2022974598996637,0.7977025401003361
n352,0.1523701058309066,0.8476298941690932
SAMN13422994,0.0,1.0
SAMN26304551,0.0,1.0
SAMN26304552,0.0,1.0
n7575,0.0980059322272008,0.9019940677727992
SAMN15868741,0.0,1.0
n83,0.1232806962598942,0.8767193037401059
SAMN27404328,0.0,1.0
n90,0.006712562827718,0.993287437172282
n9292,0.0226124472690448,0.9773875527309552
n9393,0.0414941442727274,0.9585058557272724
SAMN15868237,0.0,1.0
n9797,0.000525867627165,0.999474132372835
SAMN11335398,0.0,1.0
n114114,0.0858248542028931,0.9141751457971068
SAMN15868269,0.0,1.0
SAMN26308747,0.0,1.0
SAMN26308845,0.0,1.0
n133,1.0,9.091328928031528e-44
SAMN04122817,1.0,0.0
SAMN04122816,1.0,0.0
SAMN04096285,1.0,0.0
n152,0.0048295250253931,0.9951704749746068
SAMN10093590,0.0,1.0
n159,0.056922712062523,0.943077287937477
SAMN15868989,1.0,0.0
n162,0.1506799413372058,0.8493200586627943
SAMN26304562,0.0,1.0
n173173,0.000420322508249,0.999579677491751
SAMN13082410,0.0,1.0
n175175,0.3809761335092427,0.6190238664907572
n176,0.4133949997218052,0.5866050002781948
n177,0.1248652940383921,0.8751347059616078
SAMN09400855,0.0,1.0
n180,0.1560343798154536,0.8439656201845462
SAMN13622033,0.0,1.0
n182,0.1953110150756515,0.8046889849243484
SAMN26304497,0.0,1.0
n183,0.0348857447168282,0.9651142552831716
n184,0.0634816761361625,0.9365183238638376
SAMN27404333,0.0,1.0
SAMN27404332,1.0,0.0
n186,0.1288952776222124,0.8711047223777875
n186186,0.0046094818270891,0.9953905181729108
n190,0.0020221832776818,0.997977816722318
SAMN13082271,0.0,1.0
SAMN10435690,0.0,1.0
SAMN07450853,0.0,1.0
n192,0.0,1.0
SAMN11335385,0.0,1.0
SAMN27404460,1.0,0.0
SAMN27404320,0.0,1.0
SAMN07450858,0.0,1.0
SAMN13082315,0.0,1.0
SAMN11335418,0.0,1.0
SAMN11335410,0.0,1.0
n264264,1.0,0.0
SAMN02801902,1.0,0.0
n267,0.0196433630125021,0.980356636987498
SAMN16826310,0.0,1.0
n328,0.0047790345002806,0.9952209654997194
SAMN26308454,0.0,1.0
SAMN26308799,0.0,1.0
SAMN26308793,0.0,1.0
SAMN15869147,0.0,1.0
SAMN13082359,0.0,1.0
n337337,0.0612807861004024,0.9387192138995976
n338,0.0195528742376057,0.9804471257623943
n343,0.0191877439233864,0.9808122560766136
SAMN13082399,0.0,1.0
n349349,0.0502626095435929,0.949737390456407
SAMN28174028,1.0,0.0
n350350,0.2022974598996637,0.7977025401003361
SAMN26304622,0.0,1.0
n352352,0.0,1.0
SAMN15868953,0.0,1.0
n76,0.0628662584722237,0.9371337415277762
SAMN13082351,0.0,1.0
SAMN13082365,0.0,1.0
SAMN16340172,0.0,1.0
n9090,0.0188533985572682,0.9811466014427316
n92,0.006712562827718,0.993287437172282
SAMN15868506,0.0,1.0
SAMN04339725,0.0,1.0
SAMN09400806,0.0,1.0
SAMN15868188,0.0,1.0
SAMN27404407,0.0,1.0
SAMN27404406,0.0,1.0
SAMN04393388,0.0,1.0
SAMN05510456,0.0,1.0
n133133,1.0,9.091328928031528e-44
SAMN04622924,1.0,0.0
n152152,0.0041979180290822,0.9958020819709178
SAMN09400791,0.0,1.0
n159159,0.0,1.0
SAMN26304537,0.0,1.0
n162162,0.1506799413372058,0.8493200586627943
SAMN15868892,1.0,0.0
n174,0.0004271447335329,0.999572855266467
SAMN13082405,0.0,1.0
SAMN16340143,1.0,0.0
SAMN09400831,1.0,0.0
SAMN10435686,0.0,1.0
SAMN16340184,1.0,0.0
n177177,6.429966980232304e-05,0.9999357003301976
SAMN16340168,0.0,1.0
SAMN11285018,0.0,1.0
SAMN13082287,0.0,1.0
SAMN04456581,0.0,1.0
SAMN04393390,0.0,1.0
n183183,0.0048994335316719,0.995100566468328
SAMN26304906,0.0,1.0
SAMN31257659,0.0,1.0
SAMN29440615,0.0,1.0
SAMN13082364,0.0,1.0
SAMN27404436,1.0,0.0
n187,1.1850013577449717e-05,0.9999881499864226
SAMN13082390,0.0,1.0
SAMN13082270,0.0,1.0
SAMN13082269,0.0,1.0
n192192,0.0,1.0
SAMN11335383,0.0,1.0
SAMN02801846,1.0,0.0
SAMN02801844,1.0,0.0
n267267,0.0196433630125021,0.980356636987498
n316,0.0196433630125021,0.980356636987498
n328328,0.0047790345002806,0.9952209654997194
SAMN27404368,1.0,0.0
SAMN07605641,0.0,1.0
SAMN26304623,0.0,1.0
n338338,0.0195528742376057,0.9804471257623943
SAMN22066475,0.0,1.0
n343343,0.0231951766121599,0.97680482338784
SAMN13082272,0.0,1.0
SAMN26308772,0.0,1.0
SAMN26308771,0.0,1.0
SAMN15869013,1.0,0.0
SAMN04096278,1.0,0.0
n353,0.0,1.0
SAMN26304754,0.0,1.0
n7676,0.0622598120507591,0.9377401879492409
n7878,0.0628662584722237,0.9371337415277762
n91,0.0188533985572682,0.9811466014427316
SAMN07775518,0.0,1.0
SAMN13622038,0.0,1.0
SAMN13082249,0.0,1.0
n134,0.999999999985251,1.474905112837271e-11
SAMN04622923,1.0,0.0
n153,5.1178270767795714e-05,0.9999488217292322
SAMN16340123,0.0,1.0
SAMN26304538,0.0,1.0
SAMN26305028,0.0,1.0
n163,0.1435776140673762,0.8564223859326238
n170170,0.1506799413372058,0.8493200586627943
SAMN13082407,0.0,1.0
SAMN13082406,0.0,1.0
SAMN13622050,0.0,1.0
SAMN16340132,0.0,1.0
SAMN26308781,0.0,1.0
SAMN26308777,0.0,1.0
SAMN13082389,0.0,1.0
SAMN13082388,0.0,1.0
SAMN11335378,0.0,1.0
SAMN11335384,0.0,1.0
n268,0.0196433630125021,0.980356636987498
SAMN12220349,0.0,1.0
SAMN13082363,0.0,1.0
SAMN26304933,0.0,1.0
n329,1.0258475559860245e-08,0.9999999897415244
SAMN13082401,0.0,1.0
n339,0.0085192997915804,0.9914807002084196
n340340,0.0195528742376057,0.9804471257623943
SAMN13082260,0.0,1.0
SAMN13082240,0.0,1.0
SAMN26308770,0.0,1.0
SAMN26308769,0.0,1.0
n7777,0.0622598120507591,0.9377401879492409
SAMN12220328,0.0,1.0
n79,0.0628662584722237,0.9371337415277762
n7979,0.0509539241961436,0.9490460758038564
n9191,0.0266799560736001,0.9733200439264
SAMN26304908,0.0,1.0
SAMN04622927,1.0,0.0
SAMN05178547,1.0,0.0
SAMN16340190,0.0,1.0
SAMN09400846,0.0,1.0
n163163,0.1425204554093493,0.8574795445906506
SAMN16340142,0.0,1.0
n171,0.1506799413372058,0.8493200586627943
n172,0.1506799413372058,0.8493200586627943
n268268,0.0196433630125021,0.980356636987498
n315315,0.8936412976053736,0.1063587023946264
n329329,1.0258475559860245e-08,0.9999999897415244
n330330,0.0010293029431725,0.9989706970568276
n339339,0.0006226399243724,0.9993773600756276
SAMN26308773,0.0,1.0
n341,0.0195528742376057,0.9804471257623943
n341341,0.0195528742376057,0.9804471257623943
n78,6.469130082874277e-05,0.9999353086991714
SAMN16340130,0.0,1.0
SAMN10093584,0.0,1.0
SAMN16340124,0.0,1.0
n80,0.0509539241961436,0.9490460758038564
SAMN09400830,0.0,1.0
SAMN10435682,0.0,1.0
SAMN16340175,0.0,1.0
n164,0.1619803496729852,0.8380196503270149
SAMN13082404,0.0,1.0
n171171,0.1528415625753418,0.8471584374246581
SAMN13082344,0.0,1.0
n172172,0.0122133541530843,0.9877866458469156
SAMN06702076,0.0,1.0
n269,0.0196433630125021,0.980356636987498
SAMN27404372,0.0,1.0
SAMN28174052,1.0,0.0
SAMN28174053,1.0,0.0
n330,1.0258475559860245e-08,0.9999999897415244
SAMN13082322,0.0,1.0
SAMN13082324,0.0,1.0
SAMN13082325,0.0,1.0
n340,2.3262841431685302e-05,0.9999767371585684
SAMN26308776,0.0,1.0
SAMN13082349,0.0,1.0
SAMN26308890,0.0,1.0
n342,0.0209848856530688,0.9790151143469312
SAMN26304412,0.0,1.0
SAMN09400849,0.0,1.0
SAMN11285021,0.0,1.0
n8080,0.0507906502298753,0.9492093497701246
n81,0.0708743666433351,0.9291256333566648
n164164,0.1873115685740691,0.812688431425931
n167167,0.1619803496729852,0.8380196503270149
SAMN14669297,0.0,1.0
SAMN27404417,1.0,0.0
SAMN26308831,0.0,1.0
SAMN26308836,0.0,1.0
n269269,0.0196433630125021,0.980356636987498
SAMN07325901,0.0,1.0
SAMN13082323,0.0,1.0
SAMN13082321,0.0,1.0
SAMN26308774,0.0,1.0
SAMN26308775,0.0,1.0
SAMN13423000,0.0,1.0
SAMN13423006,0.0,1.0
SAMN10093608,0.0,1.0
SAMN12220347,0.0,1.0
n8181,0.0771684628749485,0.9228315371250516
SAMN16340165,1.0,0.0
n165,0.2630870759356071,0.7369129240643929
SAMN26304558,0.0,1.0
n168,0.1619803496729852,0.8380196503270149
n170,0.1619803496729852,0.8380196503270149
n270,0.0723460113269319,0.927653988673068
n273273,0.0196433630125021,0.980356636987498
n82,0.1969944694330581,0.8030055305669418
SAMN10093574,0.0,1.0
n165165,0.42308972559213,0.57691027440787
n166,0.2630870759356071,0.7369129240643929
n168168,0.5516379875880024,0.4483620124119975
SAMN27404426,0.0,1.0
SAMN13082342,0.0,1.0
SAMN15869019,0.0,1.0
n270270,0.0723460113269319,0.927653988673068
SAMN06754733,0.0,1.0
n274,0.045259209174719,0.954740790825281
n280,0.0196433630125021,0.980356636987498
SAMN09400822,0.0,1.0
SAMN09400803,1.0,0.0
SAMN27404380,0.0,1.0
SAMN27404379,1.0,0.0
n166166,0.2630870759356071,0.7369129240643929
SAMN27404337,0.0,1.0
n169,0.6798993800210915,0.3201006199789084
n169169,0.9698469162816686,0.0301530837183314
n271,0.0723460113269319,0.927653988673068
n272272,0.0723460113269319,0.927653988673068
n274274,0.045259209174719,0.954740790825281
n277277,0.122026194184319,0.8779738058156809
n280280,0.0217928124708395,0.9782071875291604
n285285,0.0196433630125021,0.980356636987498
n167,0.2457421941390947,0.7542578058609052
SAMN15868807,1.0,0.0
SAMN15868211,1.0,0.0
SAMN15868329,0.0,1.0
SAMN28174078,1.0,0.0
SAMN28174077,1.0,0.0
n271271,0.0723315208017967,0.9276684791982034
SAMN15868458,1.0,0.0
n273,0.0393268988358096,0.9606731011641904
SAMN07332517,0.0,1.0
n275,0.045259209174719,0.954740790825281
n277,0.045259209174719,0.954740790825281
n278,0.1481080228451133,0.8518919771548866
n279,0.1380008060505028,0.8619991939494972
n281,0.0347980484635156,0.9652019515364844
n281281,0.0217928124708395,0.9782071875291604
n286,0.0196433630125021,0.980356636987498
n312312,0.03190432457831,0.96809567542169
SAMN15868731,0.0,1.0
SAMN27404437,0.0,1.0
n272,6.6702814505361e-07,0.999999332971855
SAMN15868572,0.0,1.0
SAMN05774079,0.0,1.0
SAMN26304539,0.0,1.0
n275275,0.045259209174719,0.954740790825281
n276,0.4912364439725157,0.5087635560274844
SAMN15868253,0.0,1.0
SAMN13082236,0.0,1.0
n278278,0.1481080228451133,0.8518919771548866
SAMN27404376,1.0,0.0
n279279,0.168816234972394,0.8311837650276059
SAMN04339718,0.0,1.0
SAMN13082366,0.0,1.0
SAMN27404390,0.0,1.0
n282,0.0231908497622059,0.976809150237794
SAMN13082273,0.0,1.0
n286286,0.0196433630125021,0.980356636987498
SAMN09400792,0.0,1.0
n313,0.1257617566178046,0.8742382433821955
n313313,0.03190432457831,0.96809567542169
SAMN12220351,0.0,1.0
SAMN12220346,0.0,1.0
SAMN26308880,0.0,1.0
SAMN27404392,0.0,1.0
n276276,0.5341006069032751,0.4658993930967248
SAMN26367026,1.0,0.0
SAMN26308878,0.0,1.0
SAMN26308807,0.0,1.0
SAMN09400811,1.0,0.0
SAMN12220330,0.0,1.0
n282282,0.0231908497622059,0.976809150237794
n284284,0.0314600187914495,0.9685399812085504
n287,0.0196433630125023,0.9803566369874976
n295,0.0196433630125021,0.980356636987498
SAMN04339721,0.0,1.0
SAMN16340135,1.0,0.0
n314,0.0050470943821553,0.9949529056178448
n315,0.0568723795412717,0.9431276204587284
SAMN27404361,1.0,0.0
SAMN26308883,0.0,1.0
n283,0.0231908497622059,0.976809150237794
n283283,0.0004920229312334,0.9995079770687666
n285,0.0014765194663026,0.9985234805336972
SAMN26304503,0.0,1.0
n287287,0.0547599936677662,0.9452400063322338
n288288,0.0196433630125023,0.9803566369874976
n295295,0.0196433630125023,0.9803566369874976
n309309,0.0636860841671791,0.936313915832821
n314314,0.0002338569219592,0.9997661430780408
SAMN13082285,0.0,1.0
SAMN07662565,0.0,1.0
SAMN04393396,0.0,1.0
SAMN04339719,0.0,1.0
SAMN04339726,0.0,1.0
n284,0.0006174489926798,0.99938255100732
SAMN13082337,0.0,1.0
SAMN13082333,0.0,1.0
SAMN13082332,0.0,1.0
n288,0.0565438609321898,0.9434561390678102
SAMN07775514,0.0,1.0
n289,0.0364901674201007,0.9635098325798992
n291291,0.0196433630125023,0.9803566369874976
n296,0.0730268707898688,0.9269731292101312
n299,0.0196433630125024,0.9803566369874976
n310,0.1086455059918807,0.8913544940081193
n311311,0.0699357412039853,0.9300642587960148
SAMN13082284,0.0,1.0
SAMN13082286,0.0,1.0
SAMN13082338,0.0,1.0
SAMN13082336,0.0,1.0
SAMN13082416,0.0,1.0
SAMN27404345,0.0,1.0
n289289,0.0387075567215902,0.9612924432784096
n291,0.0049262088259147,0.9950737911740852
n292,0.0196433630125023,0.9803566369874976
n294,0.0196433630125023,0.9803566369874976
n296296,0.0730268707898688,0.9269731292101312
SAMN13082274,0.0,1.0
n299299,0.0196433630125024,0.9803566369874976
n306,0.0196433630125024,0.9803566369874976
n310310,0.1763029121133818,0.8236970878866181
n311,0.0010176396992684,0.9989823603007316
n312,0.0699357412039853,0.9300642587960148
SAMN06007768,0.0,1.0
n290,0.0387075567215902,0.9612924432784096
n290290,0.0804314413264982,0.9195685586735016
SAMN09400841,0.0,1.0
SAMN09400874,0.0,1.0
n292292,0.01983883620733,0.98016116379267
SAMN09400815,0.0,1.0
n294294,0.0333109499407113,0.9666890500592888
SAMN27404318,0.0,1.0
n297,0.052323647243899,0.947676352756101
n297297,0.0730268707898688,0.9269731292101312
n300,0.0405723893191039,0.959427610680896
n302,0.0196433630125024,0.9803566369874976
n306306,0.0434907438879651,0.9565092561120347
SAMN16340134,0.0,1.0
SAMN13082259,0.0,1.0
SAMN13082254,1.0,0.0
SAMN13082257,0.0,1.0
SAMN13082253,0.0,1.0
SAMN26308879,0.0,1.0
SAMN13622044,0.0,1.0
SAMN27404393,1.0,0.0
SAMN26308885,0.0,1.0
SAMN13082277,0.0,1.0
SAMN30965858,1.0,0.0
n293,0.0096554187589143,0.9903445812410856
SAMN13082307,0.0,1.0
SAMN27404414,0.0,1.0
SAMN27404415,0.0,1.0
SAMN27404402,0.0,1.0
SAMN27404430,0.0,1.0
n298,0.0927469790026374,0.9072530209973626
SAMN27404319,0.0,1.0
n300300,0.1070753125326984,0.8929246874673016
SAMN12220332,0.0,1.0
n302302,0.0196433630125024,0.9803566369874976
n303,0.1035592599464244,0.8964407400535754
n307,0.0,1.0
SAMN10435683,1.0,0.0
n293293,0.0036860306937024,0.9963139693062976
SAMN13082306,0.0,1.0
n298298,0.4945152335093448,0.5054847664906551
SAMN27404449,1.0,0.0
n301,1.0,0.0
SAMN06754736,0.0,1.0
SAMN22657223,0.0,1.0
SAMN06754735,0.0,1.0
n303303,0.1035592599464244,0.8964407400535754
SAMN11285029,0.0,1.0
n307307,0.0,1.0
SAMN11335366,0.0,1.0
SAMN13082309,0.0,1.0
SAMN13082308,0.0,1.0
SAMN26308860,0.0,1.0
SAMN06680400,1.0,0.0
n301301,1.0,0.0
SAMN27404427,0.0,1.0
n304,0.0102879004842149,0.989712099515785
SAMN12220341,1.0,0.0
n308,0.0,1.0
SAMN11335362,0.0,1.0
SAMN27404428,1.0,0.0
SAMN27404432,1.0,0.0
n304304,0.0102879004842149,0.989712099515785
SAMN11335390,0.0,1.0
n308308,0.0,1.0
SAMN11335372,0.0,1.0
n305,0.0072233341448186,0.9927766658551812
SAMN27404352,0.0,1.0
n309,0.0,1.0
SAMN11335373,0.0,1.0
n305305,0.0071665364902007,0.9928334635097992
SAMN11335387,0.0,1.0
SAMN11335375,0.0,1.0
SAMN11335374,0.0,1.0
SAMN11335392,0.0,1.0
SAMN11335391,0.0,1.0
