,collection_date,0
SAMN09405752,1985,1986.0
SAMN13082362,2012,2013.0
SAMN13082361,2011,2012.0
SAMN13082350,2013,2014.0
SAMN13082346,2013,2013.0
SAMN10093604,2013,2013.0
SAMN10093603,2013,2013.0
SAMN11285030,2018,2018.0
SAMN13082394,2011,2011.0
SAMN13082275,2012,2013.0
SAMN13082268,2012,2013.0
SAMN13082261,2011,2012.0
SAMN13082358,2011,2011.0
SAMN13082357,2010,2010.78
SAMN16340161,2019,2020.0
SAMN16340160,2019,2020.0
SAMN15868698,2016,2016.0
SAMN11319406,2011,2012.0
SAMN13423006,2011,2012.0
SAMN13423000,2011,2012.0
SAMN11319163,2010,2010.0
SAMN06702094,2015-02-24,2015.15
SAMN13082264,2013,2013.0
SAMN13082263,2011,2011.11
SAMN15868694,2016,2016.0
SAMN26308806,2019-12-04,2019.92
SAMN26304930,2020-01-23,2020.06
SAMN26305101,2020-03-30,2020.24
SAMN26308820,2020-01-13,2020.03
SAMN26308789,2019-10-11,2019.78
SAMN26304500,2020-02-13,2020.12
SAMN04339721,2015,2015.39
SAMN04339726,2015,2015.0
SAMN06007768,2016,2016.0
SAMN06680400,2016,2016.4
SAMN06754733,2016,2016.0
SAMN07325901,2016,2017.0
SAMN07775514,2016,2016.0
SAMN11335387,2017/2018,2017.0
SAMN11335390,2017/2018,2017.0
SAMN11335391,2017/2018,2017.0
SAMN11335392,2017/2018,2019.0
SAMN13082309,2013,2013.0
SAMN13082308,2012,2013.0
SAMN13082307,2012,2013.0
SAMN13082306,2011,2011.0
SAMN13082286,2010,2010.0
SAMN13082285,2010,2011.0
SAMN13082284,2010,2010.0
SAMN13082277,2012,2013.0
SAMN13082274,2012,2012.0
SAMN13082273,2012,2013.0
SAMN13082259,2012,2012.0
SAMN13082257,2012,2012.0
SAMN13082254,2011,2011.59
SAMN13082253,2011,2011.0
SAMN13082366,2013,2013.0
SAMN13082363,2012,2012.43
SAMN13082338,2013,2013.75
SAMN13082337,2012,2012.0
SAMN13082336,2012,2013.0
SAMN13082333,2012,2012.0
SAMN13082332,2012,2012.0
SAMN15868253,2016,2016.0
SAMN15868572,2017,2017.58
SAMN16340135,2019,2019.0
SAMN12220351,2018,2018.91
SAMN12220346,2018,2018.91
SAMN12220341,2018,2018.0
SAMN12220332,2018,2018.0
SAMN26308860,2019-10-09,2019.77
SAMN26304539,2019-11-22,2019.89
SAMN26308885,2020-07-30,2020.58
SAMN27404390,2017-03-15,2017.2
SAMN27404376,2019-10-12,2019.78
SAMN27404352,2017-06-05,2017.42
SAMN27404319,2019-12-26,2019.98
SAMN02801907,2011,2011.74
SAMN04339725,2015,2016.0
SAMN06007773,2016,2016.0
SAMN07775518,2017,2017.0
SAMN11335398,2017/2018,2017.0
SAMN13082302,2010,2011.0
SAMN13082235,2010,2010.0
SAMN13082233,2010,2010.0
SAMN13082249,2011,2012.0
SAMN13082398,2012,2012.0
SAMN13082391,2011,2011.0
SAMN13082379,2010,2011.0
SAMN13082244,2011,2011.0
SAMN13082365,2013,2013.0
SAMN13082241,2010,2010.0
SAMN13082343,2013,2014.0
SAMN13082239,2010,2011.0
SAMN13082229,2011,2012.0
SAMN10093574,2014,2014.0
SAMN10093584,2015,2016.0
SAMN10093608,2013,2013.36
SAMN06702069,2014-11-12,2014.86
SAMN15868506,2017,2017.0
SAMN15868237,2016,2016.0
SAMN15868188,2016,2016.0
SAMN16340130,2019,2019.45
SAMN16340124,2018,2019.0
SAMN13622038,2018,2018.0
SAMN12220347,2018,2018.65
SAMN12220328,2018,2018.0
SAMN11285021,2018,2019.0
SAMN10435682,2018,2019.0
SAMN10435684,2018,
SAMN09400803,2017,2017.68
SAMN16340175,2019,2019.0
SAMN27404407,2018-10-26,2018.82
SAMN27404406,2018-09-10,2018.69
SAMN26304908,2020-08-26,2020.65
SAMN15868989,2016,2017.0
SAMN26304538,2020-01-06,2020.01
SAMN26304537,2019-11-24,2019.9
SAMN26305028,2020-04-15,2020.29
SAMN26308463,2020-04-22,2020.31
SAMN26305017,2020-01-17,2020.04
SAMN26309412,2020-09-15,2020.7
SAMN26308462,2019-12-04,2019.92
SAMN26305018,2020-05-11,2020.36
SAMN26308787,2019-10-08,2019.77
SAMN26308809,2019-12-10,2019.94
SAMN26308465,2019-11-18,2019.88
SAMN26308468,2020-07-06,2020.51
SAMN26308466,2020-01-15,2020.04
SAMN26308467,2020-03-04,2020.17
SAMN26308469,2020-09-25,2020.73
SAMN05194531,2016,2016.0
SAMN13082387,2011,2012.0
SAMN15868523,2017,2017.0
SAMN26308822,2020-01-15,2020.04
SAMN26308821,2020-01-15,2020.04
SAMN26308747,2020-08-25,2020.65
SAMN26308846,2020-08-02,2020.58
SAMN26308845,2020-05-25,2020.4
SAMN26304552,2020-02-20,2020.14
SAMN26304551,2019-12-08,2019.93
SAMN26304554,2020-09-10,2020.69
SAMN26304553,2020-05-09,2020.35
SAMN26304555,2020-09-30,2020.75
SAMN02801902,2009,2009.0
SAMN02801846,2009,2010.0
SAMN02801844,2009,2010.0
SAMN02801840,2009,2009.0
SAMN02801838,2009,2009.0
SAMN13082271,2012,2012.0
SAMN13082270,2012,2012.0
SAMN13082269,2012,2012.0
SAMN13082403,2012,2012.77
SAMN13082262,2011,2011.0
SAMN13082232,2012,2012.0
SAMN13082231,2012,2013.0
SAMN13082230,2012,2013.0
SAMN22677346,2019,2019.0
SAMN09400874,2017,2017.0
SAMN09400841,2017,2017.0
SAMN26308844,2020-03-19,2020.21
SAMN13082397,2011,2012.0
SAMN02801889,2010,2010.0
SAMN02801890,2010,2010.0
SAMN11319494,2010,2011.0
SAMN16340164,2019,2019.01
SAMN16340122,2018,2019.0
SAMN09400801,2017,2017.46
SAMN26304757,2020-01-22,2020.06
SAMN26308854,2020-04-24,2020.31
SAMN26308796,2019-11-09,2019.85
SAMN26308868,2020-06-25,2020.48
SAMN26308776,2020-09-24,2020.73
SAMN26308775,2020-08-18,2020.63
SAMN26308774,2020-07-10,2020.52
SAMN26308773,2020-07-02,2020.5
SAMN26308791,2019-10-24,2019.81
SAMN26308856,2020-05-01,2020.33
SAMN26308825,2020-01-16,2020.04
SAMN26308837,2020-02-18,2020.13
SAMN11335437,2017/2018,2017.0
SAMN16935937,2018,2019.0
SAMN26308853,2020-04-23,2020.31
SAMN13082383,2011,2012.0
SAMN13082252,2011,2011.2
SAMN09400819,2017,2017.0
SAMN15868657,2017,2017.0
SAMN13082352,2013,2013.0
SAMN13082341,2013,2013.0
SAMN13082340,2013,2013.0
SAMN13082339,2012,2013.0
SAMN16340147,2019,2020.0
SAMN13622034,2018,2019.0
SAMN14669297,2019,2019.0
SAMN14792114,2020-02-26,2020.15
SAMN06015664,2016,2016.0
SAMN10093579,2013,2013.0
SAMN10093575,2012,2013.0
SAMN10093600,2016,2016.0
SAMN10093580,2013,2013.0
SAMN10093573,2014,2014.0
SAMN10093594,2012,2013.0
SAMN10093595,2013,2013.0
SAMN10093586,2015,2015.0
SAMN10093577,2012,2013.0
SAMN10093585,2015,2015.0
SAMN10093587,2015,2015.23
SAMN10093592,2016,2016.0
SAMN10093593,2016,2017.0
SAMN10093554,2015,2016.0
SAMN10093598,2014,2014.0
SAMN10093615,2015,2016.0
SAMN10093631,2012,2013.0
SAMN10093648,2012,2013.0
SAMN06702095,2014-11-12,2014.86
SAMN06702089,2015-02-24,2015.15
SAMN06702076,2015-02-24,2015.15
SAMN06702071,2014-11-12,2014.86
SAMN06702070,2015-02-24,2015.15
SAMN02801894,2011,2011.0
SAMN02801895,2011,2011.0
SAMN02801877,2010,2011.0
SAMN02801819,2008,2009.0
SAMN02801817,2008,2008.0
SAMN04022944,2015,2015.0
SAMN04096278,2015,2016.0
SAMN04339718,2015,2015.02
SAMN04339719,2015,2016.0
SAMN04393386,2015,2016.0
SAMN04393396,2015,2015.0
SAMN05510456,2016,2016.0
SAMN05463123,2015,2015.65
SAMN05774075,2016,2017.0
SAMN05774079,2016,2017.0
SAMN22066475,2021,2021.0
SAMN22657223,2021,2022.0
SAMN25004485,2021,2022.0
SAMN25226678,2021,2021.0
SAMN25226641,2021,2022.0
SAMN27020195,2022,2022.0
SAMN26308501,2020-09-22,2020.72
SAMN26305087,2020-07-27,2020.57
SAMN26308893,2020-09-29,2020.74
SAMN26308792,2019-10-24,2019.81
SAMN26304707,2020-07-13,2020.53
SAMN26308877,2020-07-19,2020.55
SAMN26305030,2020-04-23,2020.31
SAMN26304562,2020-09-20,2020.72
SAMN26308476,2020-01-08,2020.02
SAMN26304760,2020-03-09,2020.19
SAMN26304604,2020-09-22,2020.72
SAMN26304603,2020-01-24,2020.06
SAMN26304761,2020-08-24,2020.64
SAMN26304399,2019-10-04,2019.76
SAMN26308786,2019-10-04,2019.76
SAMN26304756,2020-01-08,2020.02
SAMN26304385,2020-02-19,2020.13
SAMN26308834,2020-02-12,2020.11
SAMN26308818,2019-12-31,2020.0
SAMN26304412,2020-02-07,2020.1
SAMN26304558,2019-10-31,2019.83
SAMN26305029,2019-11-04,2019.84
SAMN26304559,2019-11-10,2019.86
SAMN26304414,2020-04-14,2020.28
SAMN26305100,2020-03-03,2020.17
SAMN26308891,2020-09-14,2020.7
SAMN26304501,2020-03-10,2020.19
SAMN26308494,2020-08-21,2020.64
SAMN26305071,2020-03-09,2020.19
SAMN26308793,2019-10-29,2019.82
SAMN26308874,2020-07-16,2020.54
SAMN26304325,2019-10-09,2019.77
SAMN26308487,2020-06-09,2020.44
SAMN26308475,2019-12-10,2019.94
SAMN26304704,2019-12-10,2019.94
SAMN26304759,2020-03-05,2020.17
SAMN26308797,2019-11-14,2019.87
SAMN26308802,2019-11-25,2019.9
SAMN26308483,2020-05-15,2020.37
SAMN26305032,2020-07-17,2020.54
SAMN26308878,2020-07-22,2020.55
SAMN26308805,2019-11-27,2019.9
SAMN26308889,2020-09-12,2020.7
SAMN26305098,2020-01-21,2020.05
SAMN26304933,2020-07-27,2020.57
SAMN26304503,2020-03-27,2020.23
SAMN26308892,2020-09-25,2020.73
SAMN26304623,2020-01-31,2020.08
SAMN26304622,2019-11-20,2019.88
SAMN26308871,2020-07-04,2020.51
SAMN26304504,2020-08-05,2020.59
SAMN26309425,2020-09-09,2020.69
SAMN26304479,2020-07-08,2020.52
SAMN26308819,2020-01-02,2020.0
SAMN26308861,2020-05-21,2020.39
SAMN26308500,2020-09-09,2020.69
SAMN26304706,2020-06-15,2020.45
SAMN26308788,2019-10-08,2019.77
SAMN26309423,2019-12-10,2019.94
SAMN26308862,2020-06-04,2020.42
SAMN26304560,2019-11-14,2019.87
SAMN26304540,2020-07-30,2020.58
SAMN26304411,2019-12-30,2019.99
SAMN26305070,2019-11-26,2019.9
SAMN26308849,2020-03-26,2020.23
SAMN26304498,2019-12-04,2019.92
SAMN26308812,2019-12-12,2019.95
SAMN26304705,2020-04-28,2020.32
SAMN26308474,2019-11-14,2019.87
SAMN26304499,2020-01-06,2020.01
SAMN26304536,2020-07-27,2020.57
SAMN26304561,2020-02-23,2020.14
SAMN26308482,2020-05-05,2020.34
SAMN26308879,2020-03-12,2020.19
SAMN26308492,2020-08-07,2020.6
SAMN26304569,2020-08-17,2020.63
SAMN26305182,2020-03-18,2020.21
SAMN26304415,2020-06-22,2020.47
SAMN26305099,2020-01-27,2020.07
SAMN26305097,2019-12-10,2019.94
SAMN26304469,2020-04-20,2020.3
SAMN26309424,2020-08-10,2020.61
SAMN26308890,2020-09-14,2020.7
SAMN26304885,2019-11-05,2019.84
SAMN26304907,2020-04-07,2020.27
SAMN26304413,2020-03-11,2020.19
SAMN26308472,2019-11-10,2019.86
SAMN26305033,2020-08-17,2020.63
SAMN26308847,2020-03-18,2020.21
SAMN26308851,2020-04-14,2020.28
SAMN26304506,2020-09-10,2020.69
SAMN26308499,2020-09-08,2020.69
SAMN26304755,2019-10-22,2019.81
SAMN29599259,2022,2023.0
SAMN29440615,2022,2022.0
SAMN29767728,2022,2023.0
SAMN29869135,2022,2022.0
SAMN30109982,2022,2023.0
SAMN30370668,2022,2023.0
SAMN27404457,2018-03-27,2018.23
SAMN27404455,2018-04-03,2018.25
SAMN27404459,2019-06-01,2019.41
SAMN27404449,2019-04-05,2019.26
SAMN27404448,2016-07-21,2016.55
SAMN27404441,2016-10-11,2016.78
SAMN27404431,2019-05-28,2019.4
SAMN27404426,2017-04-27,2017.32
SAMN27404411,2018-06-13,2018.45
SAMN27404417,2019-08-25,2019.65
SAMN27404401,2017-04-24,2017.31
SAMN27404393,2018-04-18,2018.29
SAMN27404392,2018-07-28,2018.57
SAMN27404391,2019-09-02,2019.67
SAMN27404382,2017-11-09,2017.85
SAMN27404383,2018-08-16,2018.62
SAMN27404372,2019-09-02,2019.67
SAMN27404354,2016-09-30,2016.75
SAMN27404345,2017-04-17,2017.29
SAMN27404335,2017-12-07,2017.93
SAMN27404327,2019-04-24,2019.31
SAMN27404323,2018-08-15,2018.62
SAMN27404321,2017-09-18,2017.71
SAMN27404318,2019-09-21,2019.72
SAMN28174028,2017-02-03,2017.09
SAMN30965858,2022-08-19,2022.63
SAMN26308481,2020-04-25,2020.31
SAMN26308886,2020-08-26,2020.65
SAMN26308799,2019-11-16,2019.87
SAMN26304338,2020-03-03,2020.17
SAMN26308485,2020-06-05,2020.43
SAMN26304339,2020-05-29,2020.41
SAMN26308841,2020-03-02,2020.17
SAMN26304505,2020-09-02,2020.67
SAMN26304758,2020-01-27,2020.07
SAMN26308480,2020-04-02,2020.25
SAMN26308859,2020-05-13,2020.36
SAMN26308852,2020-04-20,2020.3
SAMN26304932,2020-06-19,2020.46
SAMN26305019,2020-05-20,2020.38
SAMN26308488,2020-06-30,2020.49
SAMN26308785,2019-10-02,2019.75
SAMN26308865,2020-06-13,2020.45
SAMN26308807,2019-12-09,2019.94
SAMN11335376,2017/2018,2017.0
SAMN20203224,2021,2022.0
SAMN15226391,2019,2020.0
SAMN11319183,2014,2014.06
SAMN11319341,2013,2014.0
SAMN11319335,2013,2014.0
SAMN11319300,2014,2014.0
SAMN11319299,2014,2015.0
SAMN11319305,2012,2012.08
SAMN11319182,2011,2011.0
SAMN11319316,2013,2013.0
SAMN11319313,2013,2014.0
SAMN11319168,2011,2012.0
SAMN11319282,2011,2012.0
SAMN11319321,2013,2014.0
SAMN11319169,2013,2014.0
SAMN11319166,2010,2011.0
SAMN11319189,2010,2010.0
SAMN11319386,2011,2011.0
SAMN11319389,2011,2011.0
SAMN09405759,1998,1998.0
SAMN09405757,1999,2000.0
SAMN09405758,1999,1999.0
SAMN13423026,2011,2012.0
SAMN13423024,2011,2012.0
SAMN13423021,2011,2012.0
SAMN13423020,2011,2012.0
SAMN13422994,2011,2012.0
SAMN13422992,2011,2011.0
SAMN13082237,2010,2010.63
SAMN13082305,2011,2012.0
SAMN13082301,2010,2011.0
SAMN13082236,2010,2011.0
SAMN13082282,2013,2013.0
SAMN13082281,2013,2013.0
SAMN13082280,2013,2013.0
SAMN13082279,2013,2014.0
SAMN13082267,2012,2013.0
SAMN13082265,2012,2012.0
SAMN13082250,2011,2012.0
SAMN13082248,2011,2011.94
SAMN13082416,2013,2014.0
SAMN13082415,2013,2013.05
SAMN13082414,2013,2014.0
SAMN13082413,2013,2013.0
SAMN13082409,2012,2012.0
SAMN13082408,2012,2013.0
SAMN13082402,2012,2012.0
SAMN13082400,2012,2012.0
SAMN13082392,2011,2012.0
SAMN13082245,2011,2012.0
SAMN13082382,2011,2011.0
SAMN13082381,2010,2011.0
SAMN13082380,2010,2011.0
SAMN13082378,2010,2011.0
SAMN13082374,2009,2010.0
SAMN13082371,2009,2010.0
SAMN13082370,2009,2009.0
SAMN13082369,2013,2013.0
SAMN13082243,2011,2011.0
SAMN13082367,2013,2013.0
SAMN13082359,2011,2012.0
SAMN13082242,2011,2012.0
SAMN13082356,2010,2010.0
SAMN13082351,2013,2013.0
SAMN13082348,2013,2013.0
SAMN13082347,2013,2014.0
SAMN13082345,2013,2014.0
SAMN13082328,2012,2013.0
SAMN13082327,2012,2012.0
SAMN13082326,2012,2013.0
SAMN13082238,2010,2010.79
SAMN13082314,2011,2012.0
SAMN06680403,2017,2018.0
SAMN06754736,2016,2016.0
SAMN06754735,2016,2016.4
SAMN07325904,2016,2017.0
SAMN07332517,2017,2017.57
SAMN07450853,2017,2018.0
SAMN07450858,2017,2017.0
SAMN07662565,2017,2017.0
SAMN07775517,2017,2017.0
SAMN15868351,2017,2017.0
SAMN15868897,2016,2017.0
SAMN15868722,2017,2018.0
SAMN15868530,2016,2016.0
SAMN15868503,2017,2018.0
SAMN15868277,2017,2018.0
SAMN15868269,2017,2018.0
SAMN15868239,2016,2017.0
SAMN15869013,2016,2016.0
SAMN15868462,2017,2017.0
SAMN15868458,2017,2018.0
SAMN15868771,2016,2016.0
SAMN15868206,2016,2017.0
SAMN15868166,2017,2018.0
SAMN15869147,2017,2017.0
SAMN15868892,2017,2018.0
SAMN15868953,2017,2018.0
SAMN15868741,2017,2017.28
SAMN15868644,2016,2016.0
SAMN16826310,2020,2020.0
SAMN16895654,2018,2018.0
SAMN16340184,2019,2019.0
SAMN16340172,2019,2019.0
SAMN16340168,2019,2019.89
SAMN16340165,2019,2020.0
SAMN13622053,2019,2019.0
SAMN16340142,2019,2020.0
SAMN16340140,2019,2020.0
SAMN16340134,2019,2020.0
SAMN13622052,2018,2019.0
SAMN13622048,2018,2019.0
SAMN13622046,2018,2018.0
SAMN13622044,2018,2018.0
SAMN13622036,2018,2019.0
SAMN13622033,2018,2019.0
SAMN12220349,2018,2018.0
SAMN12220342,2018,2019.0
SAMN12220343,2018,2018.0
SAMN12220340,2018,2018.0
SAMN12220330,2018,2018.0
SAMN11285029,2018,2018.0
SAMN11285018,2018,2019.0
SAMN10435690,2018,2019.0
SAMN10435686,2018,2019.0
SAMN10435683,2018,2018.34
SAMN10435685,2018,2018.0
SAMN10435681,2018,2018.0
SAMN10435675,2017,2017.0
SAMN09400875,2017,2017.0
SAMN09400870,2017,2017.92
SAMN09400857,2017,2018.0
SAMN09400855,2017,2018.0
SAMN09400849,2017,2017.91
SAMN09400850,2017,2017.0
SAMN09400842,2017,2017.0
SAMN09400835,2017,2017.0
SAMN09400830,2017,2017.0
SAMN09400831,2017,2018.0
SAMN09400822,2017,2018.0
SAMN09400811,2017,2017.17
SAMN09400806,2017,2018.0
SAMN09400833,2017,2018.0
SAMN09400815,2017,2018.0
SAMN31488201,2022,2022.0
SAMN05510454,2016,2017.0
SAMN13622037,2018,2018.0
SAMN11285026,2018,2019.0
SAMN09400879,2017,2018.0
SAMN09400827,2017,2017.0
SAMN26308484,2019-11-25,2019.9
SAMN04456581,2015,2016.0
SAMN26304497,2019-12-12,2019.95
SAMN11319340,2013,2014.0
SAMN11319381,2011,2011.95
SAMN11319293,2011,
SAMN10093614,2015,2015.0
SAMN06702061,2014-11-12,2014.86
SAMN26308473,2019-11-13,2019.87
SAMN11335419,2017/2018,2017.0
SAMN11335418,2017/2018,2017.0
SAMN11335417,2017/2018,2017.0
SAMN11335416,2017/2018,2017.0
SAMN11335425,2017/2018,2017.0
SAMN11335424,2017/2018,2017.0
SAMN11335426,2017/2018,2017.0
SAMN11335404,2017/2018,2017.0
SAMN11335408,2017/2018,2017.0
SAMN11335409,2017/2018,2017.0
SAMN11335410,2017/2018,2017.0
SAMN11335411,2017/2018,2017.0
SAMN13082419,2013,2013.0
SAMN13082418,2013,2013.0
SAMN07605641,2017,2017.0
SAMN13082294,2010,2010.0
SAMN13082293,2010,2010.0
SAMN13082272,2012,2013.0
SAMN13082260,2011,2012.0
SAMN13082399,2012,2012.0
SAMN13082355,2009,2010.0
SAMN13082349,2013,2013.0
SAMN13082240,2010,2010.0
SAMN13082329,2012,2012.0
SAMN13082360,2011,2011.0
SAMN26367022,2021,2022.0
SAMN27404442,2017-01-01,2017.0
SAMN27404365,2018-06-19,2018.46
SAMN27404350,2018-10-20,2018.8
SAMN15868742,2017,2018.0
SAMN13082401,2012,2013.0
SAMN13082325,2013,2014.0
SAMN13082324,2013,2014.0
SAMN13082323,2012,2013.0
SAMN13082322,2012,2012.18
SAMN13082321,2012,2012.18
SAMN26308454,2019-10-31,2019.83
SAMN27404368,2019-01-24,2019.06
SAMN13082404,2012,2012.0
SAMN13082344,2013,2013.0
SAMN13082342,2013,2013.62
SAMN15868329,2017,2017.53
SAMN15869019,2017,2018.0
SAMN15868731,2017,2018.0
SAMN15868807,2016,2017.0
SAMN15868211,2016,2016.21
SAMN28174078,2019-06-02,2019.42
SAMN28174077,2019-06-02,2019.42
SAMN27404437,2017-05-19,2017.38
SAMN27404380,2018-07-06,2018.51
SAMN27404379,2018-07-06,2018.51
SAMN27404337,2016-11-11,2016.86
SAMN16340159,2019,2020.0
SAMN27404389,2019-05-10,2019.35
SAMN27404388,2019-05-10,2019.35
SAMN27404381,2019-09-11,2019.69
SAMN27404339,2018-08-11,2018.61
SAMN27404313,2018-08-14,2018.62
SAMN09400839,2017,2018.0
SAMN26366668,2021,2021.0
SAMN26308496,2020-08-03,2020.59
SAMN26308491,2020-05-08,2020.35
SAMN26308497,2020-08-06,2020.6
SAMN28174092,2020-02-13,2020.12
SAMN31390130,2022-05-05,2022.34
SAMN31390129,2022-08-30,2022.66
SAMN05510453,2016,2016.0
SAMN07450852,2017,2018.0
SAMN27407159,2021,2021.0
SAMN09400873,2017,2017.0
SAMN11335465,2017/2018,2018.2
SAMN11335464,2017/2018,2019.0
SAMN11335463,2017/2018,2019.0
SAMN11335457,2017/2018,2018.2
SAMN11335456,2017/2018,2017.0
SAMN11335458,2017/2018,2018.21
SAMN11335454,2017/2018,2017.0
SAMN11335455,2017/2018,2017.0
SAMN11335449,2017/2018,2017.0
SAMN15869092,2017,2017.0
SAMN15869090,2017,2017.0
SAMN26367026,2021,2021.0
SAMN26308883,2020-05-29,2020.41
SAMN27404361,2018-05-27,2018.4
SAMN13082386,2013,2013.0
SAMN13082385,2012,2013.0
SAMN13082384,2011,2011.0
SAMN09400832,2017,2017.0
SAMN09400814,2017,2017.0
SAMN09400804,2017,2018.0
SAMN04096285,2015,2016.0
SAMN04096286,2015,2016.0
SAMN04096287,2015,2015.0
SAMN04096289,2015,2016.0
SAMN04122814,2015,2016.0
SAMN04122817,2015,2015.0
SAMN04122816,2015,2016.0
SAMN04622927,2014,2015.0
SAMN04622923,2014,2015.0
SAMN04622924,2014,2015.0
SAMN04622925,2014,2015.0
SAMN04622926,2014,2015.0
SAMN05178547,2014,2015.0
SAMN05178548,2014,2014.0
SAMN05194541,2014,2015.0
SAMN05194542,2014,2015.0
SAMN05194543,2014,2015.0
SAMN05194544,2014,2015.0
SAMN05194539,2014,2015.0
SAMN05194540,2014,2015.0
SAMN05374483,2014,2014.0
SAMN05374486,2014,2014.0
SAMN05374480,2014,2014.0
SAMN05374481,2014,2014.0
SAMN05374482,2014,2014.0
SAMN04393398,2015,2015.0
SAMN04393388,2015,2015.0
SAMN06007769,2016,2017.0
SAMN06015666,2016,2016.0
SAMN27404326,2016-10-02,2016.75
SAMN04122822,2015,2016.0
SAMN04456582,2015,2015.0
SAMN11335445,2017/2018,2019.0
SAMN11335440,2017/2018,2018.52
SAMN11335448,2017/2018,2019.0
SAMN11335446,2017/2018,2018.51
SAMN11335447,2017/2018,2018.52
SAMN27404418,2017-11-25,2017.9
SAMN27404400,2019-01-13,2019.03
SAMN27404367,2018-10-05,2018.76
SAMN05774085,2016,2017.0
SAMN05774078,2016,2017.0
SAMN05806174,2016,2017.0
SAMN06672151,2016,2016.0
SAMN13082291,2010,2010.61
SAMN13082283,2009,2009.0
SAMN13082315,2011,2012.0
SAMN10093581,2014,2014.0
SAMN27404447,2017-08-21,2017.64
SAMN15868476,2017,2018.0
SAMN27404436,2019-06-09,2019.44
SAMN04393390,2015,2016.0
SAMN11335372,2017/2018,2019.0
SAMN11335373,2017/2018,2019.0
SAMN11335366,2017/2018,2019.0
SAMN11335374,2017/2018,2019.0
SAMN11335375,2017/2018,2019.0
SAMN11335362,2017/2018,2019.0
SAMN09400792,2016,2016.0
SAMN11335385,2017/2018,2019.0
SAMN11335384,2017/2018,2019.0
SAMN11335383,2017/2018,2019.0
SAMN11335378,2017/2018,2019.0
SAMN11335386,2017/2018,2019.0
SAMN09405760,1998,1998.26
SAMN13422978,1995,1995.0
SAMN16340141,2019,2020.0
SAMN28174062,2018-03-15,2018.2
SAMN03892127,2015,2015.0
SAMN03892121,2014,2014.0
SAMN04122807,2015,2015.0
SAMN13082300,2011,2012.0
SAMN13082299,2011,2011.87
SAMN13082298,2010,2010.56
SAMN13082297,2010,2011.0
SAMN27404456,2017-02-21,2017.14
SAMN27404439,2019-02-07,2019.1
SAMN27404408,2018-12-01,2018.92
SAMN27404409,2019-12-23,2019.98
SAMN27404398,2018-03-03,2018.17
SAMN27404394,2019-05-16,2019.37
SAMN28174009,2017-02-18,2017.13
SAMN26308783,2019-10-31,2019.83
SAMN26308782,2019-09-30,2019.75
SAMN28174052,2018-10-19,2018.8
SAMN28174053,2019-01-10,2019.02
SAMN31257659,2022,2023.0
SAMN26308863,2020-06-11,2020.44
SAMN26308840,2020-02-28,2020.16
SAMN26308875,2020-07-16,2020.54
SAMN26308867,2020-06-18,2020.46
SAMN26308835,2020-02-14,2020.12
SAMN26308881,2020-07-29,2020.57
SAMN26308887,2020-08-27,2020.65
SAMN26305031,2020-04-24,2020.31
SAMN26308873,2020-07-10,2020.52
SAMN26308872,2020-07-10,2020.52
SAMN06311519,2016,2016.0
SAMN26304462,2020-01-22,2020.06
SAMN26308763,2020-09-21,2020.72
SAMN26308762,2020-09-21,2020.72
SAMN27404364,2019-08-15,2019.62
SAMN27404404,2018-06-19,2018.46
SAMN27404386,2016-06-13,2016.45
SAMN09400878,2017,2017.0
SAMN26308882,2020-07-30,2020.58
SAMN26304753,2019-11-15,2019.87
SAMN26308761,2020-03-12,2020.19
SAMN26304873,2020-02-25,2020.15
SAMN26308493,2020-08-21,2020.64
SAMN26308471,2019-11-06,2019.85
SAMN26304502,2020-03-23,2020.22
SAMN26304496,2019-11-18,2019.88
SAMN28174099,2019-11-13,2019.87
SAMN13082287,2010,2011.0
SAMN26308850,2020-03-30,2020.24
SAMN26308866,2020-06-15,2020.45
SAMN26305180,2019-10-30,2019.83
SAMN26305183,2020-07-02,2020.5
SAMN26308479,2020-02-15,2020.12
SAMN26308478,2020-02-15,2020.12
SAMN26308771,2020-07-14,2020.53
SAMN26308772,2020-07-28,2020.57
SAMN26308855,2020-04-24,2020.31
SAMN26308884,2020-08-16,2020.62
SAMN26308810,2019-12-10,2019.94
SAMN26308838,2020-02-20,2020.14
SAMN26308811,2019-12-11,2019.94
SAMN26308489,2020-07-06,2020.51
SAMN26308470,2019-10-21,2019.8
SAMN27404371,2018-10-28,2018.82
SAMN27404370,2018-10-28,2018.82
SAMN27404346,2018-04-16,2018.29
SAMN27404347,2018-04-16,2018.29
SAMN26304906,2020-09-23,2020.73
SAMN26308781,2020-09-25,2020.73
SAMN26308777,2020-06-18,2020.46
SAMN26308770,2020-09-15,2020.7
SAMN26308769,2020-07-15,2020.54
SAMN26304754,2020-08-25,2020.65
SAMN26308779,2020-06-06,2020.43
SAMN26308778,2020-05-21,2020.39
SAMN26308780,2020-06-23,2020.48
SAMN26308464,2019-12-09,2019.94
SAMN26304703,2019-12-09,2019.94
SAMN26304702,2019-11-26,2019.9
SAMN26308839,2020-03-11,2020.19
SAMN26308843,2020-03-12,2020.19
SAMN26308801,2019-11-26,2019.9
SAMN26308490,2020-07-13,2020.53
SAMN26305190,2020-04-21,2020.3
SAMN26308486,2020-06-08,2020.43
SAMN26308794,2019-11-06,2019.85
SAMN26308814,2019-12-19,2019.96
SAMN26308795,2019-11-06,2019.85
SAMN26308766,2020-08-31,2020.66
SAMN26308880,2020-04-07,2020.27
SAMN27404460,2019-11-28,2019.91
SAMN27404344,2018-11-24,2018.9
SAMN27404320,2018-11-08,2018.85
SAMN27404432,2018-03-31,2018.24
SAMN27404428,2019-12-21,2019.97
SAMN27404427,2019-03-10,2019.19
SAMN09400869,2017,2017.0
SAMN26304621,2020-09-11,2020.69
SAMN26304556,2020-05-03,2020.34
SAMN26308830,2020-01-24,2020.06
SAMN26308832,2020-01-29,2020.08
SAMN26308498,2020-09-02,2020.67
SAMN26308831,2020-02-23,2020.14
SAMN26308836,2020-03-08,2020.18
SAMN26308477,2020-02-11,2020.11
SAMN27404328,2018-11-22,2018.89
SAMN27404336,2017-05-05,2017.34
SAMN27404315,2019-05-02,2019.33
SAMN27404312,2019-03-27,2019.23
SAMN27404415,2017-07-25,2017.56
SAMN27404414,2016-11-22,2016.89
SAMN27404430,2019-05-21,2019.38
SAMN27404402,2019-01-25,2019.07
SAMN26308765,2020-09-24,2020.73
SAMN26308764,2020-08-10,2020.61
SAMN06015662,2016,2017.0
SAMN11319444,2010,2010.77
SAMN13082278,2013,2013.0
SAMN13082393,2011,2011.0
SAMN13082353,2013,2013.0
SAMN13082313,2011,2011.0
SAMN13082312,2011,2011.0
SAMN10093596,2014,2014.0
SAMN06702082,2015-02-24,2015.15
SAMN26308829,2020-01-24,2020.06
SAMN07775513,2016,2016.01
SAMN14792069,2020-01-13,2020.03
SAMN13082266,2012,2013.0
SAMN13082410,2013,2013.0
SAMN13082407,2013,2013.04
SAMN13082406,2013,2013.04
SAMN13082405,2012,2012.0
SAMN13082390,2012,2012.33
SAMN13082389,2012,2012.0
SAMN13082388,2011,2011.51
SAMN13082377,2010,2010.0
SAMN13082364,2012,2013.0
SAMN13082320,2011,2011.0
SAMN10093590,2016,2016.0
SAMN16340148,2019,2019.84
SAMN16340143,2019,2019.0
SAMN16340132,2019,2019.0
SAMN16340123,2018,2018.0
SAMN13622050,2018,2018.13
SAMN09400846,2017,2017.3
SAMN09400791,2016,2016.36
SAMN16340190,2019,2020.0
SAMN27404332,2019-12-08,2019.93
SAMN27404333,2019-12-09,2019.94
SAMN02801896,2011,2011.0
SAMN02801906,2011,2011.0
SAMN02801878,2010,2011.0
SAMN02801876,2010,2011.0
SAMN02801826,2008,2008.0
SAMN02801822,2008,2008.0
SAMN13423005,2011,2011.0
SAMN13422999,2011,2011.0
SAMN13082292,2010,2010.63
SAMN13082288,2010,2011.0
SAMN13082234,2010,2011.0
SAMN13082276,2012,2013.0
SAMN13082251,2011,2011.0
SAMN13082417,2013,2014.0
SAMN26308790,2019-10-19,2019.8
SAMN26304624,2020-02-25,2020.15
SAMN26308808,2019-12-10,2019.94
SAMN26308817,2019-12-29,2019.99
SAMN26308800,2019-11-18,2019.88
SAMN26308798,2019-11-15,2019.87
SAMN27404369,2019-02-15,2019.12
SAMN26308827,2020-01-23,2020.06
SAMN26308864,2020-06-12,2020.45
SAMN07332516,2017,2018.0
SAMN07332520,2017,2018.0
SAMN04622922,2014,2014.0
SAMN05194538,2014,2014.0
SAMN04622920,2014,2015.0
SAMN05194537,2014,2015.0
SAMN04122821,2015,2016.0
SAMN04339728,2015,2016.0
SAMN02801868,2010,2010.01
SAMN02801843,2009,2010.0
SAMN02801828,2008,2008.55
SAMN02801827,2008,2008.55
SAMN13176243,,2017.67
SAMN13176239,,2017.68
SAMN04606407,,2014.0
SAMN13176253,,2017.75
SAMN13176246,,2017.79
