node,blood_META
root,0.1527330179087188
n0,0.1490658822409787
n6161,0.1543537788608151
n00,0.1145600033183575
SAMN11319316,0.0
n62,0.1543537788608151
n401401,0.1526570545562999
n1,0.114560003318358
n15,0.113997785805626
n6262,0.1567763141157444
SAMN15868771,0.0
n402,0.1526257689303963
SAMN11319305,0.0
n11,0.114560003318358
n13,0.1196864462046765
n1515,0.1117474190605548
n5353,0.1241191735388913
n63,0.160312343550169
n400400,0.1531786679831308
n402402,0.1526257689303963
n446446,0.1526857809570052
n2,0.1172702758303391
SAMN26308499,0.0
n1313,0.1214875089710609
SAMN11319282,0.0
n16,0.0983951973501475
n4747,0.1280517311690744
n54,0.1241191735388913
n61,0.0297924217077428
n6363,0.1565153478208266
n395395,0.2166323242882323
n401,0.1484785678438257
SAMN11319341,0.0
n403,0.1515752776565563
n409409,0.1478267940496865
SAMN26308802,0.0
SAMN29599259,0.0
n22,0.160683136236504
n1212,0.1276810563073004
n14,0.1214875089710609
n1414,0.1107298564208536
n1616,0.0983951973501475
SAMN26304704,0.0
n48,0.1297349917557361
n51,0.1247581467035411
n5454,0.1241191735388913
SAMN15868530,0.0
SAMN26308493,0.0
SAMN26308471,0.0
n394394,0.1554959675540443
n6464,0.1981670499283616
n396,0.2038182483643746
SAMN09405752,1.0
SAMN26309425,0.0
SAMN26304415,0.0
n403403,0.1515752776565563
n408408,0.1443490250824032
n410,0.1478267940496865
n445,0.1470617290561525
n3,0.1606831362365045
SAMN26304325,0.0
SAMN26304479,0.0
SAMN11319166,0.0
SAMN11319335,0.0
SAMN26304705,0.0
SAMN06015664,0.0
SAMN11319389,0.0
n17,0.1051160733386562
n1717,0.0983951973501475
n4848,0.1322768295811777
n50,0.1072917550789497
n5151,0.1244450104272904
SAMN26308484,0.0
n5555,0.118214124352753
SAMN15868277,0.0
n395,0.1470271967055507
SAMN11319169,0.0
n65,0.2351670355189199
n245,0.197347257652411
n396396,0.2817734148014763
n398398,0.2464102479921582
n404,0.1524412632088746
n407407,0.150324953143872
n409,0.1186296851228817
SAMN13422978,0.0
n410410,0.1489715851056899
n437437,0.1427925205290428
n445445,0.1465325350680719
SAMN26308785,0.0
n33,0.1251057586225817
n55,0.1606831362365045
SAMN10093631,0.0
SAMN11319386,0.0
n18,0.0983951973501475
n1919,0.0983951973501475
n49,0.0
SAMN26308474,0.0
n5050,0.0149514302001032
SAMN09400814,0.0
n52,0.1244450104272904
SAMN09400827,0.0
n56,0.1187656315103235
n5656,0.1173606892290995
SAMN13082356,0.0
SAMN11319163,0.0
n6565,0.2351670355189199
SAMN27404441,0.0
n245245,0.1453700823279579
n358358,0.197347257652411
n397,0.4788848881078971
SAMN26305070,0.0
n399,0.2530866304966754
SAMN26308892,0.0
n404404,0.1529545342545373
SAMN26304506,0.0
n408,0.1347393745888548
SAMN26304500,0.0
SAMN07325904,0.0
SAMN09405759,0.0
n411,0.1489130494062735
n436,0.15064434559824
n438,0.142451958897847
SAMN26309423,0.0
n446,0.0
SAMN09405758,0.0
n4,0.1198542408346811
SAMN15868657,0.0
n6,0.2299716895723485
n99,0.1606831362365045
n1818,0.0983951973501475
n19,0.1247306250531401
n20,0.0983951973501475
n2020,0.086292246170729
n4949,0.0
SAMN26308486,0.0
SAMN09400832,0.0
SAMN09400804,1.0
n5252,0.2591317183398398
SAMN05510454,0.0
SAMN15868897,0.0
SAMN26308481,0.0
n57,6.982578489236354e-09
SAMN26304604,0.0
n6666,0.2351670355189199
n237237,0.2351670355189199
n246,0.1322284090972284
SAMN02801894,1.0
n359,0.0363271642627128
n360,0.2563251356708793
n397397,0.2776645852440823
SAMN09405760,1.0
n399399,0.2862222627979632
SAMN26308859,0.0
n405,0.1504334757261109
n407,1.0
SAMN26308877,0.0
SAMN26308819,0.0
n411411,0.1424159826763833
n435435,0.1223148254770124
n436436,0.1500196266183265
n437,0.1507530430269358
n438438,0.1364908740179604
n442,0.142451958897847
SAMN26308875,0.0
SAMN26308867,0.0
n44,0.1198542408346811
SAMN27407159,1.0
n66,0.0067752379977813
n77,0.2933587346189625
n10,0.1606831362365045
SAMN29869135,1.0
SAMN25004485,1.0
SAMN04393386,0.0
SAMN10093600,0.0
SAMN26304603,0.0
SAMN26308494,0.0
SAMN26308477,0.0
n21,0.0558210227953462
n4545,0.0104109652037816
SAMN26305190,0.0
SAMN26308490,0.0
n53,0.0414628937527887
SAMN09400879,1.0
n5757,6.982578489236354e-09
SAMN11335458,0.0
n67,0.2351670355189199
n232,0.1599848545340205
n238,0.3531318444929464
n240,0.5483725463586431
n246246,0.1322284090972284
n358,0.1526813676840139
n359359,0.0363271642627128
SAMN26308795,0.0
n360360,0.2470801629340273
n361361,0.3194985143152706
n398,0.0
SAMN26304755,0.0
n400,1.0
SAMN06680403,0.0
n405405,0.1313467468837056
SAMN26305098,0.0
SAMN05194537,1.0
SAMN04622920,1.0
n412,0.1424159826763833
n419419,0.1377484811081588
SAMN26304502,0.0
SAMN26304496,0.0
SAMN10093587,0.0
SAMN26305030,0.0
SAMN26304414,0.0
SAMN26308862,0.0
n439,0.1364908740179604
SAMN10093598,0.0
n442442,0.1475293671664084
n443,0.1479192777829395
n5,0.0332491810089827
SAMN26304569,0.0
n7,0.0
SAMN26308491,0.0
n8,0.282728315826439
n9,0.2933587346189625
n1010,0.1606831362365045
n1111,0.1606831362365045
n2121,0.0868246249121135
n2525,0.0558210227953462
n46,0.000808504620997
SAMN26308466,0.0
SAMN11285026,0.0
SAMN13622037,0.0
n58,6.982578489236354e-09
n6060,1.8772674373283357e-07
n6767,0.2351670355189199
n229,0.1861975001575581
n232232,0.1433751719464077
SAMN06311519,0.0
n238238,0.995935379593678
n239239,0.1941720818924371
n240240,0.5483725463586431
SAMN13082391,0.0
n247,0.1481559237540648
n248,0.1322284090972284
SAMN27404335,0.0
SAMN27404364,1.0
SAMN26308794,1.0
SAMN26308814,0.0
n361,0.1380985013940439
SAMN13082267,0.0
n362,0.3225571225196879
SAMN15868351,0.0
SAMN26308850,0.0
SAMN26308866,0.0
SAMN04122821,1.0
SAMN04339728,1.0
n406,0.1337300660032269
SAMN11319406,0.0
n412412,0.1380976090729155
SAMN26305099,0.0
n420,0.1372316686618917
SAMN10093575,0.0
n439439,0.1424051623857325
n441441,0.1335912455774938
SAMN26308806,0.0
SAMN13422992,0.0
n443443,0.1479192777829389
SAMN27404411,0.0
SAMN07450852,0.0
SAMN05510453,0.0
SAMN26308496,0.0
SAMN26308497,0.0
n88,0.9674205079189384
SAMN09400839,0.0
SAMN28174092,1.0
SAMN26366668,0.0
SAMN27404383,0.0
SAMN28174009,1.0
n12,0.0
SAMN15868239,0.0
n2222,0.0933458402881546
SAMN26308492,0.0
n26,0.07043694866926
n28,0.0558210227953462
n4646,0.0
n47,6.939117892082501e-05
n5858,6.982578489236354e-09
SAMN11335454,0.0
SAMN11335449,0.0
SAMN11335455,0.0
n68,0.1586104334171463
n136136,0.2351670355189199
n229229,0.1666529044033305
SAMN13082281,0.0
n233,0.076825216015992
n236,0.1002667839894869
n239,0.9951113944181912
SAMN02801890,1.0
SAMN13622048,0.0
SAMN09400875,0.0
n241,0.5483725463586431
SAMN15868698,0.0
n247247,0.4088298483181679
SAMN05463123,0.0
n248248,0.1322284090972284
n250,0.1035060646711673
SAMN27404354,0.0
SAMN27404323,0.0
n362362,0.3225571225196879
n381381,0.3639953270493456
n406406,0.0
SAMN26304413,0.0
n413,0.1431744704911897
n414,0.1367076050087073
n420420,0.1328945761273229
SAMN26308841,0.0
n441,0.1135818804827136
n440440,0.1474282802157769
SAMN09405757,0.0
SAMN10093580,0.0
n444,0.0
SAMN10093648,0.0
SAMN31390129,1.0
SAMN31390130,1.0
SAMN13622034,0.0
SAMN16340147,0.0
n23,0.0933458402881546
SAMN26305071,0.0
n2626,0.0214220510966388
n27,0.0983299206916515
n2828,0.0597359386774306
n3434,0.0558210227953462
SAMN26308469,0.0
SAMN26308465,0.0
SAMN26308467,0.0
SAMN26308468,0.0
n59,6.982578489236354e-09
SAMN11335456,0.0
n6868,0.1586104334171463
n124124,0.917329101443642
n137,0.2351670355189199
n211211,0.2351670355189199
n230,0.1666529044033305
SAMN13082242,0.0
n233233,0.073370642572595
SAMN15226391,0.0
n236236,0.0098904801530146
n237,0.0104537514737966
SAMN02801889,1.0
SAMN11319494,0.0
n241241,0.5738677122319477
SAMN06702089,0.0
SAMN27404346,1.0
SAMN27404347,0.0
SAMN13082245,0.0
n249249,0.2288740848806069
n250250,0.1035060646711673
n357357,0.110602403084867
n363,0.3225571225196879
n374374,0.3225571225196879
n382,0.2271196593108378
n382382,0.3639953270493456
SAMN26308887,0.0
SAMN26305031,0.0
n413413,0.1456327641508431
SAMN26305101,0.0
n414414,0.1352151501777166
n419,0.1404103032173373
n421,0.1328945761273229
SAMN11319189,0.0
SAMN10093579,0.0
SAMN10093573,0.0
SAMN26305087,0.0
SAMN26304399,0.0
n444444,1.0
SAMN26308810,0.0
n2323,0.0233772651838764
SAMN26308480,0.0
SAMN10093604,0.0
SAMN10093603,0.0
n2727,0.012748366471552
SAMN26304706,0.0
n29,0.0592204402142868
n3333,0.083763714696306
n35,0.0913495369491788
n3535,0.0558210227953462
n5959,6.982578489236354e-09
SAMN11335465,0.0
n69,0.1586104334171463
SAMN10435685,1.0
n125,0.9956703103899126
n125125,0.9999261241371398
n137137,0.2252619527302788
SAMN11319299,0.0
n212,0.2351670355189199
n228228,0.2072767069673275
n230230,0.1262500660836636
n231231,0.0701141586659195
n234,0.044386989097001
n235,0.0919481790905788
SAMN26308796,0.0
SAMN26308868,0.0
SAMN26304757,0.0
SAMN26308854,0.0
n242,0.6674738241347458
n243,0.5995441794256646
SAMN14792114,0.0
SAMN06702070,1.0
n251,0.1022623669207359
n319,0.1035060646711673
SAMN13082393,0.0
SAMN26304499,0.0
n363363,0.3225571225196879
n367,0.2810993422959688
n375,0.3049282204743294
n380380,0.3225571225196879
SAMN09400819,1.0
SAMN13423005,0.0
n383,0.3700249837981653
n394,0.3639953270493456
SAMN26305100,0.0
SAMN26304932,0.0
n415,0.1344356111283467
n415415,0.1352151501777166
SAMN13082280,0.0
SAMN26308812,0.0
n421421,0.1328945761273229
SAMN26308874,0.0
SAMN26308838,0.0
SAMN26308811,1.0
n24,0.0147370818502636
SAMN26305018,0.0
SAMN26308479,0.0
SAMN26308478,0.0
n2929,0.0592819381486158
SAMN06702061,0.0
n34,0.0
SAMN26308498,0.0
SAMN15868166,0.0
SAMN09400850,0.0
n36,0.0558210227953462
n3737,0.0558210227953462
n60,0.0
SAMN11335457,0.0
n6969,0.1586104334171463
n119,0.1452089271581943
SAMN05374483,1.0
SAMN05374480,1.0
n126,0.99992612413714
SAMN05374482,1.0
n138,0.1794628942308596
n207207,0.1843779974733852
n212212,0.2351670355189199
n224224,0.2140352620007784
SAMN25226678,0.0
SAMN16935937,0.0
n231,0.2302316498498838
SAMN13082252,0.0
SAMN09400869,0.0
SAMN09400833,0.0
n234234,0.044386989097001
SAMN13082360,0.0
n235235,0.0919481790905788
SAMN27404350,0.0
n242242,0.6173570957644029
SAMN02801819,1.0
n243243,0.6311283224529514
n244244,0.5995441794256646
n251251,0.1022623669207359
n318,0.1170611085808869
n319319,0.0931095657031927
n320320,0.1035060646711673
n364,0.3225571225196879
SAMN26304907,0.0
n367367,0.2713695112542643
n370,0.2865362889671128
n375375,0.3049282204743294
SAMN26308820,0.0
n381,0.3225571225196879
SAMN02801895,1.0
n383383,0.3700249837981663
SAMN26308834,0.0
SAMN26304759,0.0
SAMN13082251,0.0
SAMN11319183,0.0
SAMN13082413,0.0
n416,0.1381388849367706
n417,0.1352151501777166
n422,0.1350338238559737
n423,0.1328945761273229
n2424,0.0020481504740047
SAMN26308463,0.0
n30,0.0592819381486158
n32,0.0828235943552569
SAMN26308489,0.0
SAMN26308470,0.0
n3636,0.0860462481435213
n37,0.0711105636948893
n38,0.0643499678688995
SAMN26308487,0.0
SAMN11335464,0.0
SAMN11335463,0.0
n70,0.1586104334171463
n106,0.1412203440543562
n119119,0.2481789186037928
n120120,0.1004144920958452
n126126,0.9999261241371398
SAMN05178548,1.0
n138138,0.1794628942308596
n146146,0.1879198061828044
n208,0.1895495245644096
n210210,0.1843779974733852
n213,0.0852213834296488
n217,0.1958244459060281
n225,0.2837425384653959
n226226,0.1564859141144961
SAMN27404386,0.0
SAMN27404404,1.0
SAMN27404365,0.0
SAMN27404442,0.0
SAMN26367022,0.0
SAMN30109982,0.0
SAMN02801907,1.0
SAMN13082415,0.0
n244,0.536469047130175
SAMN13082302,1.0
SAMN15868503,1.0
SAMN11285030,1.0
n252,0.1022623669207359
n252252,0.1016927260381697
n318318,0.0002314744923113
SAMN11335437,0.0
n320,0.0898284797944423
SAMN13082402,0.0
n321,0.1032306121142579
n322,0.1035060646711673
n364364,0.3225571225196879
SAMN13082370,0.0
n368,0.1809609660862347
n369369,0.2713695112542643
n370370,0.1835683130243988
n371,0.2865362889671128
n376,0.2813945301734251
SAMN13082301,0.0
SAMN26304469,0.0
SAMN13082380,0.0
n384,0.9900647997485204
n384384,0.3700249837981663
n416416,0.070811175365794
SAMN11319300,0.0
n417417,0.1305844182866747
SAMN26308786,0.0
n422422,0.134164425687893
SAMN26308853,0.0
n423423,0.1787053752189636
n433,0.1328945761273229
n25,0.0016474732345657
SAMN26305017,0.0
n3030,0.0592819381486158
SAMN11319381,0.0
SAMN06702094,0.0
SAMN26308485,0.0
SAMN15868206,1.0
SAMN26305019,0.0
SAMN11319340,0.0
SAMN10093614,0.0
n3838,0.0643499678688995
SAMN26308475,0.0
n7070,0.1586104334171463
n104104,0.1728539325487742
n106106,0.1302460958680555
n107107,0.128690597671782
n120,1.0
SAMN09400801,0.0
n121,0.1004144920958452
n121121,0.0953741175501248
n127,0.9983498528763216
n127127,0.9999261241371395
n139,0.0488753505219046
n143,0.1146518506721792
n147,0.2307877884752807
n200200,0.1243701362438816
n208208,0.1891840325235784
SAMN27404459,1.0
n211,0.1628340932109493
SAMN13082394,0.0
n213213,0.0852213834296488
SAMN13082305,0.0
n217217,0.2804332887549326
n221221,0.1958244459060281
n225225,0.0014329323563508
n226,0.8155266852566697
n227,0.0096914960366397
SAMN04122807,1.0
SAMN22677346,1.0
SAMN15868742,1.0
SAMN15868722,0.0
SAMN26305097,0.0
n253,0.1143147558709027
n257,0.1016927260381697
SAMN26308832,0.0
SAMN26308830,0.0
SAMN13082397,0.0
SAMN13082293,0.0
n321321,0.1032306121142579
SAMN11319182,0.0
n322322,0.1170650599832514
n323,0.1035060646711673
n365,0.3225571225196879
n366,0.3225571225196879
n368368,8.473605095687229e-05
SAMN27404369,0.0
SAMN28174099,1.0
SAMN29767728,0.0
SAMN26308827,0.0
SAMN26304561,0.0
n371371,0.2865362889671128
n373373,0.2865362889671128
n376376,0.2834742469669636
SAMN13082292,0.0
SAMN02801826,1.0
SAMN02801822,1.0
n385,0.3700249837981663
n387,0.3700249837981663
SAMN26304753,0.0
SAMN26308761,0.0
n418,0.1358436843303993
n418418,0.1195582877989544
SAMN10093593,0.0
SAMN26304560,0.0
n424,0.2018491987566761
n425425,0.1462039794113378
n433433,0.1328945761273229
n435,0.0290160529344559
SAMN26309412,0.0
SAMN26308462,0.0
n31,0.0151138312780344
SAMN25226641,0.0
n39,0.0643499678688995
n4444,0.0777542680679157
n71,0.1586104334171463
SAMN13082233,0.0
n105,0.953604167953552
n105105,1.6713973502242297e-05
n107,0.0005663037008115
SAMN12220343,0.0
n108,0.128690597671782
n117117,0.0716161316663801
SAMN16340122,1.0
SAMN16340164,0.0
SAMN16340141,0.0
SAMN13082383,0.0
n122,0.0828327984807458
SAMN13082409,0.0
SAMN05374486,1.0
SAMN05374481,1.0
n128,1.0
SAMN04096287,1.0
n139139,0.0488753505219046
SAMN27404456,0.0
n143143,0.1126576083870363
n145145,0.0658297288130659
n147147,0.2307877884752807
SAMN11335376,0.0
n201,0.1126235385612243
n207,0.0110287366906159
n209,0.1891840325235784
n210,0.4108441035553459
SAMN27404431,0.0
SAMN13082367,0.0
n214,0.0852213834296488
n215,0.0852213834296488
n218,0.1733066975725374
n220220,0.8295870276598676
n222,0.1958244459060281
n222222,0.1852515753486592
SAMN26304556,0.0
SAMN26304621,0.0
SAMN04456582,1.0
SAMN04122822,1.0
n227227,0.0003941995464809
SAMN13082300,0.0
n253253,0.1143147558709027
n256,0.3175831348539839
n257257,0.1016927260381697
n317,0.1213327775350552
SAMN13423026,0.0
SAMN13082381,0.0
SAMN13082329,0.0
SAMN09400842,0.0
n323323,0.1035060646711673
n356356,0.1035060646711673
n365365,0.1537236007067927
SAMN26304761,0.0
SAMN13423020,0.0
SAMN13082243,0.0
n369,8.473605095687229e-05
SAMN26308817,0.0
n372,0.1212423947526549
SAMN20203224,0.0
n374,1.0
SAMN11319313,0.0
n377,0.2208566986806557
n378,0.2894692123559556
n385385,0.0025112265777466
SAMN13082414,0.0
n387387,0.3700249837981663
n390390,0.3700249837981663
SAMN26308882,0.0
SAMN26304885,0.0
SAMN26304501,0.0
SAMN11319168,0.0
n424424,0.2018491987566761
SAMN26304505,0.0
n426,0.1462039794113384
n432,0.1287967286447339
n434,0.1328945761273229
SAMN10093595,0.0
SAMN26308765,0.0
SAMN26308764,0.0
n3131,0.0014995302962532
SAMN26304703,0.0
n3939,0.0643499678688995
n40,0.0648045641241635
n45,0.0777542680679157
SAMN26308501,0.0
n7171,0.1586104334171463
n101101,0.1334293708291218
SAMN03892121,1.0
SAMN03892127,1.0
SAMN13082358,0.0
SAMN13082357,0.0
SAMN13082346,0.0
SAMN13082350,0.0
n108108,0.0
n109,0.1466306743254204
n118,0.0915689142033892
SAMN13082235,0.0
n122122,0.0786110470627713
SAMN16340159,0.0
n128128,1.0
n136,1.0
n140,0.0428124711305954
n142142,0.0391951252206174
n144,0.0178679874590235
SAMN27404401,0.0
n146,0.0018472865865495
SAMN27404326,0.0
n148,0.2307877884752807
n196,0.0061719857666146
n201201,0.0167644313133395
SAMN26308844,0.0
SAMN13082419,0.0
SAMN13082418,0.0
n209209,1.0
SAMN26308805,0.0
SAMN26308762,0.0
SAMN26308763,1.0
n214214,0.0772263918390512
SAMN13082392,0.0
n215215,0.0
n216216,0.0796452744989323
n218218,7.3769090984003e-08
SAMN27404418,0.0
n221,0.8295870276598676
SAMN27404367,1.0
SAMN10093577,0.0
SAMN13082378,0.0
n223,0.1852515753486592
n223223,0.1472759744229258
n228,0.0003873212026439
SAMN13082297,0.0
n254,0.1165316930110288
n254254,0.1143147558709027
n256256,0.7271255481544918
SAMN26308829,0.0
n258,0.1156171674573679
n259,0.1016927260381697
n317317,0.1457648565241473
SAMN13082248,0.0
n324,0.1035060646711673
n332332,0.1209089623463662
n357,0.1035060646711673
SAMN13082326,0.0
SAMN26304504,0.0
SAMN10435681,0.0
SAMN26308790,0.0
SAMN26308800,0.0
n372372,0.1212423947526549
SAMN26308864,0.0
SAMN13082276,1.0
SAMN26309424,0.0
n377377,0.2208566986806557
SAMN13422999,0.0
n378378,0.5759330185999585
n380,0.2894692123559556
n386,6.621480929901885e-05
SAMN26308825,0.0
n388,0.2891022109446625
SAMN26308886,0.0
n391,0.3700249837981663
n393393,0.1337467653768501
n425,0.2205678369226001
SAMN06702095,1.0
n426426,0.1462039794113384
n429,0.127360465446764
n432432,0.1266119518111154
SAMN26304540,0.0
n434434,0.1334120500166914
SAMN26305032,0.0
SAMN26304702,0.0
SAMN26308464,0.0
SAMN26308482,0.0
SAMN16340140,0.0
n4040,0.0701123657008411
n43,0.0665654214742481
SAMN26308476,0.0
SAMN26308472,0.0
n72,0.1586104334171463
n8686,0.1586104334171463
n102,0.0550270166764532
n104,0.1215999937425593
SAMN13082268,0.0
SAMN13082261,0.0
n109109,0.1907198779415711
n117,0.1010118985589319
n118118,0.0915689142033892
SAMN13082244,0.0
n123,0.0843558317073139
SAMN27404381,0.0
n129,1.0
n135135,0.999999999985251
SAMN04096289,1.0
SAMN05194544,1.0
n140140,0.0428124711305954
SAMN27404398,0.0
SAMN27404408,0.0
SAMN27404409,0.0
n144144,0.0069489964818242
SAMN13082232,0.0
SAMN06015666,0.0
SAMN06007769,0.0
n148148,0.2307877884752807
n156,0.2307877884752807
n196196,0.0061719857666146
SAMN10093581,0.0
n202,0.0017687565103132
SAMN11335408,0.0
SAMN16340161,1.0
SAMN16340160,1.0
SAMN13082314,0.0
SAMN13082400,0.0
n216,0.0
SAMN26308801,0.0
SAMN15869090,0.0
SAMN15869092,0.0
n219,7.3769090984003e-08
n220,1.5914655064123681e-09
SAMN27404400,1.0
SAMN27404391,1.0
SAMN06702069,1.0
SAMN13082408,0.0
n224,0.0
SAMN13082265,0.0
SAMN13082298,0.0
SAMN13082299,1.0
SAMN26304338,0.0
SAMN10093585,0.0
n255,0.1152146173345817
SAMN13082374,0.0
SAMN06702082,1.0
SAMN26308792,0.0
n258258,0.0136275273167547
SAMN26304536,0.0
n259259,0.1016927260381697
SAMN13082371,0.0
SAMN06015662,1.0
SAMN26304411,0.0
n324324,0.1035060646711673
n331331,0.1095509991139417
n333,0.1209089623463662
n353353,0.1314607103004771
SAMN10093592,0.0
SAMN13423024,0.0
n373,0.0
SAMN26304624,0.0
SAMN13423021,0.0
SAMN26304930,0.0
n379,1.0
SAMN26308852,1.0
SAMN26308889,0.0
SAMN26304339,0.0
n386386,1.2241060531625495e-05
SAMN26308791,0.0
n388388,0.2446802668068232
n389389,0.2358953366212371
n391391,0.0317705044609175
n392,0.3700249837981663
SAMN13082234,0.0
SAMN26308851,0.0
SAMN05194531,1.0
SAMN26304760,0.0
n427,0.1196447133014048
n428,0.1462039794113384
n429429,0.1272307787384074
SAMN10093586,0.0
SAMN26304498,0.0
SAMN26308788,0.0
SAMN26305033,0.0
SAMN13082282,0.0
n41,0.0715351623012374
n42,0.0794343618069266
n4343,0.0665654214742481
SAMN26308483,0.0
n7272,0.1586104334171463
n8484,0.1007642989787866
n87,0.1586104334171463
n95,0.1538930344597565
n102102,0.054522074248802
SAMN13082327,0.0
SAMN13082403,0.0
SAMN09400857,0.0
n110,0.1907198779415711
n111111,0.1907198779415711
SAMN10093594,0.0
SAMN07775517,0.0
SAMN13082239,0.0
SAMN13082229,1.0
n123123,0.0557209869280583
n124,0.3471736063577041
n129129,1.0
n130130,1.0
SAMN05194540,1.0
SAMN05194542,1.0
n141,0.0425891857823537
n142,0.1300892568979536
n145,0.0077999478965818
SAMN13082262,0.0
n149,0.2307877884752807
n154154,0.2307877884752807
n156156,0.2307877884752807
n187187,0.2307877884752814
n197,0.0061719857666146
SAMN13082283,0.0
n202202,0.0015338551916066
n204204,0.0003565095301537
SAMN26308843,0.0
SAMN26308839,0.0
n219219,0.0
SAMN11335446,0.0
SAMN11335440,0.0
SAMN11335447,0.0
SAMN13082362,0.0
SAMN13082361,0.0
n255255,0.0045215722773319
SAMN10093596,0.0
SAMN10435675,0.0
SAMN09400873,0.0
n260,0.0730676711066692
n262,0.1016927260381697
n325,0.1035060646711673
n325325,0.1035060646711673
n332,0.0125184869097267
SAMN13082294,0.0
n333333,0.0237197405425146
n344,0.169098244312978
n354,0.071874355816355
SAMN16895654,0.0
SAMN26308808,0.0
SAMN26308798,0.0
n379379,1.0
SAMN02801877,1.0
SAMN26308837,0.0
SAMN26308856,0.0
n389,0.0200270643563844
SAMN15868462,0.0
n390,0.0211670635080074
SAMN13082369,0.0
SAMN26308855,0.0
SAMN26308884,0.0
n392392,0.4338582315250028
SAMN13082288,0.0
n427427,0.1143284363343533
SAMN26305029,0.0
n428428,0.0
SAMN26304462,0.0
n430,0.0853174611333519
SAMN26308865,0.0
n4141,0.0665780842450337
SAMN26304707,0.0
n4242,0.078005590280876
SAMN26308500,0.0
SAMN10093615,0.0
SAMN26304385,0.0
n73,0.1586104334171463
n8383,0.2867742852854232
n85,0.0828754807537174
SAMN13622046,0.0
n8787,0.1586104334171463
n94,0.1374373556868003
n9595,0.1357642090693578
n9898,0.1527611565125667
n103,0.0006870788173929
SAMN13622053,0.0
n110110,0.1907198779415711
SAMN12220340,1.0
n112,0.1907198779415711
n115,0.0893751459139964
SAMN27404313,0.0
SAMN27404339,0.0
SAMN27404389,1.0
SAMN27404388,0.0
n130,0.999999999985251
SAMN04096286,1.0
n131,1.0
SAMN05194543,1.0
n141141,0.0179173252335633
SAMN27404455,0.0
SAMN27404370,0.0
SAMN27404371,1.0
SAMN13082231,0.0
SAMN13082230,0.0
n149149,0.2307877884752807
n153153,0.1691419180451152
n155,0.8789987912748984
SAMN13082320,0.0
n157,0.2307877884752807
n178,0.2307877884752807
n188,0.2307877884752814
n193193,0.1863343911803466
n197197,0.0061719857666146
SAMN13082291,0.0
n203,2.3279687038308348e-06
SAMN11335417,0.0
n205,2.4212608263098192e-05
SAMN11335411,0.0
SAMN11335448,0.0
SAMN11335445,0.0
SAMN26308809,0.0
SAMN26308787,0.0
n260260,0.0706117162893368
SAMN13082382,0.0
n262262,0.1016927260381697
n265,0.0791199682861197
SAMN26308891,0.0
SAMN06702071,0.0
n326,0.1117760896483925
SAMN26305182,0.0
SAMN26308840,0.0
SAMN26308863,0.0
n334,0.0237197405425146
SAMN13082348,0.0
n344344,0.169098244312978
n347,0.169098244312978
n354354,0.0
SAMN26304559,0.0
SAMN02801876,1.0
SAMN02801878,1.0
SAMN26305180,0.0
SAMN26305183,0.0
SAMN26308835,0.0
SAMN26308881,0.0
n393,0.9868338228310924
SAMN13082417,0.0
SAMN26308849,0.0
SAMN26304758,0.0
SAMN26308783,0.0
SAMN26308782,0.0
n430430,0.0805350192964406
SAMN26308778,0.0
SAMN26308488,0.0
SAMN26308473,0.0
SAMN30370668,0.0
SAMN26304873,0.0
n7373,0.1586104334171463
SAMN13622052,0.0
n84,0.999947084575434
SAMN06007773,0.0
n8585,0.081254268987469
n86,0.0001096624003918
n8888,0.0665945910496854
SAMN26308847,0.0
n9494,0.0658940041486374
SAMN13082398,0.0
n96,0.133273443996703
n98,0.2123079867944985
n9999,0.0078669514359398
n100100,0.1527611565125664
n103103,0.0006870788173929
SAMN13082341,0.0
n111,0.0
SAMN15868694,1.0
n112112,0.1907198779415711
SAMN04393398,0.0
n115115,0.1261237977618999
SAMN26308846,0.0
SAMN05194541,1.0
SAMN05194539,1.0
n131131,1.0
SAMN04622925,1.0
SAMN27404394,0.0
SAMN27404439,0.0
n150,0.2307877884752807
n150150,0.59782896340907
n154,0.0930322608026299
SAMN13082279,0.0
n155155,1.0
SAMN02801817,1.0
n157157,0.2307877884752814
n160160,0.2307877884752807
n178178,0.1734881122205548
n180180,0.2307877884752814
n188188,0.2307877884752814
n193,0.2307084102979382
n194,0.1882447081738145
SAMN13082377,0.0
n198,0.0114213190698538
n199199,0.0
n203203,1.4747038479227078e-08
SAMN11335425,0.0
n205205,1.3095685185402737e-06
SAMN11335419,0.0
n261,0.0663038305509758
SAMN27404321,0.0
n263,0.9999999894138708
SAMN13082328,0.0
n265265,0.0791199682861197
n316316,0.1455709302099993
n326326,0.1117760896483925
SAMN26304756,0.0
n334334,0.0800712346532091
n335,0.0237197405425146
n345,0.9999992172557188
n345345,0.1465479444161761
n347347,0.2022974598996637
n351,0.169098244312978
n355,0.0
n356,0.0
SAMN02801906,1.0
SAMN02801896,1.0
n431,0.1312982548061576
n431431,0.0037096313798241
n74,0.199151188678384
n7474,0.1586104334171463
SAMN04622922,1.0
SAMN05194538,1.0
SAMN26308818,0.0
SAMN13082379,0.0
SAMN13082263,0.0
SAMN13082264,0.0
n89,0.0386956473676064
SAMN13082241,0.0
SAMN13082250,0.0
SAMN13082238,0.0
n9696,0.0984505298680938
SAMN13082275,0.0
SAMN27404382,0.0
SAMN27404327,1.0
n100,0.0021080467350195
SAMN13082384,0.0
n101,0.1527611565125664
SAMN13082352,0.0
SAMN13082339,0.0
SAMN13082340,0.0
SAMN07332520,0.0
SAMN07332516,0.0
n113,0.1899148001488725
n113113,0.1907198779415711
n116,0.3388236428205319
SAMN26308822,0.0
n132,1.0
n134134,1.0
SAMN11319321,0.0
SAMN05774075,0.0
n151,0.051299296699788
SAMN13082266,1.0
SAMN26308797,0.0
SAMN09400870,0.0
SAMN02801843,1.0
SAMN02801868,1.0
n158,0.2642644094008425
n160,0.2050777559359362
n161,0.1822018127391478
n174174,0.3340078512205724
n179,0.1560343798154536
SAMN28174062,1.0
n181,0.1953110150756521
n184184,0.2215694589998374
n189,0.1613282430528069
n191,0.0
SAMN10093554,0.0
SAMN07775513,0.0
n194194,0.0
n195195,0.2379634857011577
n198198,0.0096312616068243
SAMN27404447,0.0
n200,0.0
SAMN05806174,0.0
n204,2.081002299364405e-09
SAMN11335416,0.0
n206,8.752091368525105e-08
SAMN11335404,0.0
n261261,0.0722685245450387
SAMN11319444,0.0
n263263,0.9999999894138708
SAMN02801840,1.0
n266,0.0196433630125021
SAMN13082237,0.0
SAMN13082387,0.0
SAMN15868523,1.0
n327,0.1150204893455179
SAMN26308861,0.0
SAMN13082345,0.0
SAMN26308766,1.0
n335335,0.0237197405425146
n336336,0.0191877439233864
SAMN02801827,1.0
SAMN02801828,1.0
n346,0.1441900237830291
n346346,0.0173000032866614
n348,0.1461033130384771
n348348,0.2022974598996637
n351351,0.169098244312978
SAMN09400835,0.0
n355355,0.0
SAMN26304554,0.0
SAMN26304555,0.0
SAMN26304553,0.0
SAMN26308873,1.0
SAMN26308872,0.0
SAMN26308780,0.0
SAMN26308779,0.0
SAMN27404312,1.0
SAMN27404315,0.0
n75,0.1428373012618312
n8282,0.1586104334171463
n8989,0.0095873151499227
n93,0.0414941442727274
n97,0.0938303064883083
SAMN13082343,0.0
SAMN13082385,0.0
SAMN13082386,0.0
SAMN26308893,0.0
SAMN27020195,0.0
SAMN04022944,0.0
SAMN12220342,1.0
n114,0.1907198779415711
SAMN13622036,1.0
n116116,0.0041395587419356
SAMN26308821,1.0
n132132,1.0
SAMN04622926,1.0
n135,1.0
SAMN04122814,1.0
n151151,0.0048295250253931
SAMN16340148,0.0
n158158,0.7095192934438198
SAMN27404457,0.0
SAMN26308871,0.0
SAMN27404448,0.0
n161161,0.1506799413372058
n173,0.0265673315689832
n175,0.3340078512205724
n176176,0.3340078512205724
n179179,0.1560343798154536
SAMN14792069,0.0
n181181,0.1953110150756515
n182182,0.1953110150756521
n185,1.0
n185185,0.128385148850072
n189189,0.0205463965847303
n190190,0.0
n191191,0.0
SAMN11335386,0.0
n195,0.0
SAMN27404344,0.0
SAMN15868476,1.0
SAMN31488201,0.0
n199,0.0096312616068243
SAMN06672151,0.0
SAMN05774078,0.0
SAMN05774085,0.0
SAMN11335426,0.0
SAMN11335424,0.0
n206206,1.0729532630175794e-08
SAMN11335409,0.0
SAMN27404336,0.0
SAMN13082278,0.0
n264,0.9999999894138708
SAMN02801838,1.0
n266266,0.0196433630125021
SAMN15868644,0.0
n327327,0.053991301876063
n331,0.1249587140662926
n336,0.0408511094022742
SAMN13082355,0.0
n337,0.0195528742376057
n342342,0.0191877439233864
SAMN13082347,0.0
SAMN13082353,0.0
SAMN13082313,0.0
SAMN13082312,0.0
SAMN26308789,0.0
SAMN09400878,0.0
n349,0.2058836887835406
n350,0.2022974598996637
n352,0.1523701058309066
SAMN13422994,0.0
SAMN26304551,0.0
SAMN26304552,0.0
n7575,0.0980059322272008
SAMN15868741,0.0
n83,0.1232806962598942
SAMN27404328,0.0
n90,0.006712562827718
n9292,0.0226124472690448
n9393,0.0414941442727274
SAMN15868237,0.0
n9797,0.000525867627165
SAMN11335398,0.0
n114114,0.0858248542028931
SAMN15868269,0.0
SAMN26308747,0.0
SAMN26308845,0.0
n133,1.0
SAMN04122817,1.0
SAMN04122816,1.0
SAMN04096285,1.0
n152,0.0048295250253931
SAMN10093590,0.0
n159,0.056922712062523
SAMN15868989,1.0
n162,0.1506799413372058
SAMN26304562,0.0
n173173,0.000420322508249
SAMN13082410,0.0
n175175,0.3809761335092427
n176,0.4133949997218052
n177,0.1248652940383921
SAMN09400855,0.0
n180,0.1560343798154536
SAMN13622033,0.0
n182,0.1953110150756515
SAMN26304497,0.0
n183,0.0348857447168282
n184,0.0634816761361625
SAMN27404333,0.0
SAMN27404332,1.0
n186,0.1288952776222124
n186186,0.0046094818270891
n190,0.0020221832776818
SAMN13082271,0.0
SAMN10435690,0.0
SAMN07450853,0.0
n192,0.0
SAMN11335385,0.0
SAMN27404460,1.0
SAMN27404320,0.0
SAMN07450858,0.0
SAMN13082315,0.0
SAMN11335418,0.0
SAMN11335410,0.0
n264264,1.0
SAMN02801902,1.0
n267,0.0196433630125021
SAMN16826310,0.0
n328,0.0047790345002806
SAMN26308454,0.0
SAMN26308799,0.0
SAMN26308793,0.0
SAMN15869147,0.0
SAMN13082359,0.0
n337337,0.0612807861004024
n338,0.0195528742376057
n343,0.0191877439233864
SAMN13082399,0.0
n349349,0.0502626095435929
SAMN28174028,1.0
n350350,0.2022974598996637
SAMN26304622,0.0
n352352,0.0
SAMN15868953,0.0
n76,0.0628662584722237
SAMN13082351,0.0
SAMN13082365,0.0
SAMN16340172,0.0
n9090,0.0188533985572682
n92,0.006712562827718
SAMN15868506,0.0
SAMN04339725,0.0
SAMN09400806,0.0
SAMN15868188,0.0
SAMN27404407,0.0
SAMN27404406,0.0
SAMN04393388,0.0
SAMN05510456,0.0
n133133,1.0
SAMN04622924,1.0
n152152,0.0041979180290822
SAMN09400791,0.0
n159159,0.0
SAMN26304537,0.0
n162162,0.1506799413372058
SAMN15868892,1.0
n174,0.0004271447335329
SAMN13082405,0.0
SAMN16340143,1.0
SAMN09400831,1.0
SAMN10435686,0.0
SAMN16340184,1.0
n177177,6.429966980232304e-05
SAMN16340168,0.0
SAMN11285018,0.0
SAMN13082287,0.0
SAMN04456581,0.0
SAMN04393390,0.0
n183183,0.0048994335316719
SAMN26304906,0.0
SAMN31257659,0.0
SAMN29440615,0.0
SAMN13082364,0.0
SAMN27404436,1.0
n187,1.1850013577449717e-05
SAMN13082390,0.0
SAMN13082270,0.0
SAMN13082269,0.0
n192192,0.0
SAMN11335383,0.0
SAMN02801846,1.0
SAMN02801844,1.0
n267267,0.0196433630125021
n316,0.0196433630125021
n328328,0.0047790345002806
SAMN27404368,1.0
SAMN07605641,0.0
SAMN26304623,0.0
n338338,0.0195528742376057
SAMN22066475,0.0
n343343,0.0231951766121599
SAMN13082272,0.0
SAMN26308772,0.0
SAMN26308771,0.0
SAMN15869013,1.0
SAMN04096278,1.0
n353,0.0
SAMN26304754,0.0
n7676,0.0622598120507591
n7878,0.0628662584722237
n91,0.0188533985572682
SAMN07775518,0.0
SAMN13622038,0.0
SAMN13082249,0.0
n134,0.999999999985251
SAMN04622923,1.0
n153,5.1178270767795714e-05
SAMN16340123,0.0
SAMN26304538,0.0
SAMN26305028,0.0
n163,0.1435776140673762
n170170,0.1506799413372058
SAMN13082407,0.0
SAMN13082406,0.0
SAMN13622050,0.0
SAMN16340132,0.0
SAMN26308781,0.0
SAMN26308777,0.0
SAMN13082389,0.0
SAMN13082388,0.0
SAMN11335378,0.0
SAMN11335384,0.0
n268,0.0196433630125021
SAMN12220349,0.0
SAMN13082363,0.0
SAMN26304933,0.0
n329,1.0258475559860245e-08
SAMN13082401,0.0
n339,0.0085192997915804
n340340,0.0195528742376057
SAMN13082260,0.0
SAMN13082240,0.0
SAMN26308770,0.0
SAMN26308769,0.0
n7777,0.0622598120507591
SAMN12220328,0.0
n79,0.0628662584722237
n7979,0.0509539241961436
n9191,0.0266799560736001
SAMN26304908,0.0
SAMN04622927,1.0
SAMN05178547,1.0
SAMN16340190,0.0
SAMN09400846,0.0
n163163,0.1425204554093493
SAMN16340142,0.0
n171,0.1506799413372058
n172,0.1506799413372058
n268268,0.0196433630125021
n315315,0.8936412976053736
n329329,1.0258475559860245e-08
n330330,0.0010293029431725
n339339,0.0006226399243724
SAMN26308773,0.0
n341,0.0195528742376057
n341341,0.0195528742376057
n78,6.469130082874277e-05
SAMN16340130,0.0
SAMN10093584,0.0
SAMN16340124,0.0
n80,0.0509539241961436
SAMN09400830,0.0
SAMN10435682,0.0
SAMN16340175,0.0
n164,0.1619803496729852
SAMN13082404,0.0
n171171,0.1528415625753418
SAMN13082344,0.0
n172172,0.0122133541530843
SAMN06702076,0.0
n269,0.0196433630125021
SAMN27404372,0.0
SAMN28174052,1.0
SAMN28174053,1.0
n330,1.0258475559860245e-08
SAMN13082322,0.0
SAMN13082324,0.0
SAMN13082325,0.0
n340,2.3262841431685302e-05
SAMN26308776,0.0
SAMN13082349,0.0
SAMN26308890,0.0
n342,0.0209848856530688
SAMN26304412,0.0
SAMN09400849,0.0
SAMN11285021,0.0
n8080,0.0507906502298753
n81,0.0708743666433351
n164164,0.1873115685740691
n167167,0.1619803496729852
SAMN14669297,0.0
SAMN27404417,1.0
SAMN26308831,0.0
SAMN26308836,0.0
n269269,0.0196433630125021
SAMN07325901,0.0
SAMN13082323,0.0
SAMN13082321,0.0
SAMN26308774,0.0
SAMN26308775,0.0
SAMN13423000,0.0
SAMN13423006,0.0
SAMN10093608,0.0
SAMN12220347,0.0
n8181,0.0771684628749485
SAMN16340165,1.0
n165,0.2630870759356071
SAMN26304558,0.0
n168,0.1619803496729852
n170,0.1619803496729852
n270,0.0723460113269319
n273273,0.0196433630125021
n82,0.1969944694330581
SAMN10093574,0.0
n165165,0.42308972559213
n166,0.2630870759356071
n168168,0.5516379875880024
SAMN27404426,0.0
SAMN13082342,0.0
SAMN15869019,0.0
n270270,0.0723460113269319
SAMN06754733,0.0
n274,0.045259209174719
n280,0.0196433630125021
SAMN09400822,0.0
SAMN09400803,1.0
SAMN27404380,0.0
SAMN27404379,1.0
n166166,0.2630870759356071
SAMN27404337,0.0
n169,0.6798993800210915
n169169,0.9698469162816686
n271,0.0723460113269319
n272272,0.0723460113269319
n274274,0.045259209174719
n277277,0.122026194184319
n280280,0.0217928124708395
n285285,0.0196433630125021
n167,0.2457421941390947
SAMN15868807,1.0
SAMN15868211,1.0
SAMN15868329,0.0
SAMN28174078,1.0
SAMN28174077,1.0
n271271,0.0723315208017967
SAMN15868458,1.0
n273,0.0393268988358096
SAMN07332517,0.0
n275,0.045259209174719
n277,0.045259209174719
n278,0.1481080228451133
n279,0.1380008060505028
n281,0.0347980484635156
n281281,0.0217928124708395
n286,0.0196433630125021
n312312,0.03190432457831
SAMN15868731,0.0
SAMN27404437,0.0
n272,6.6702814505361e-07
SAMN15868572,0.0
SAMN05774079,0.0
SAMN26304539,0.0
n275275,0.045259209174719
n276,0.4912364439725157
SAMN15868253,0.0
SAMN13082236,0.0
n278278,0.1481080228451133
SAMN27404376,1.0
n279279,0.168816234972394
SAMN04339718,0.0
SAMN13082366,0.0
SAMN27404390,0.0
n282,0.0231908497622059
SAMN13082273,0.0
n286286,0.0196433630125021
SAMN09400792,0.0
n313,0.1257617566178046
n313313,0.03190432457831
SAMN12220351,0.0
SAMN12220346,0.0
SAMN26308880,0.0
SAMN27404392,0.0
n276276,0.5341006069032751
SAMN26367026,1.0
SAMN26308878,0.0
SAMN26308807,0.0
SAMN09400811,1.0
SAMN12220330,0.0
n282282,0.0231908497622059
n284284,0.0314600187914495
n287,0.0196433630125023
n295,0.0196433630125021
SAMN04339721,0.0
SAMN16340135,1.0
n314,0.0050470943821553
n315,0.0568723795412717
SAMN27404361,1.0
SAMN26308883,0.0
n283,0.0231908497622059
n283283,0.0004920229312334
n285,0.0014765194663026
SAMN26304503,0.0
n287287,0.0547599936677662
n288288,0.0196433630125023
n295295,0.0196433630125023
n309309,0.0636860841671791
n314314,0.0002338569219592
SAMN13082285,0.0
SAMN07662565,0.0
SAMN04393396,0.0
SAMN04339719,0.0
SAMN04339726,0.0
n284,0.0006174489926798
SAMN13082337,0.0
SAMN13082333,0.0
SAMN13082332,0.0
n288,0.0565438609321898
SAMN07775514,0.0
n289,0.0364901674201007
n291291,0.0196433630125023
n296,0.0730268707898688
n299,0.0196433630125024
n310,0.1086455059918807
n311311,0.0699357412039853
SAMN13082284,0.0
SAMN13082286,0.0
SAMN13082338,0.0
SAMN13082336,0.0
SAMN13082416,0.0
SAMN27404345,0.0
n289289,0.0387075567215902
n291,0.0049262088259147
n292,0.0196433630125023
n294,0.0196433630125023
n296296,0.0730268707898688
SAMN13082274,0.0
n299299,0.0196433630125024
n306,0.0196433630125024
n310310,0.1763029121133818
n311,0.0010176396992684
n312,0.0699357412039853
SAMN06007768,0.0
n290,0.0387075567215902
n290290,0.0804314413264982
SAMN09400841,0.0
SAMN09400874,0.0
n292292,0.01983883620733
SAMN09400815,0.0
n294294,0.0333109499407113
SAMN27404318,0.0
n297,0.052323647243899
n297297,0.0730268707898688
n300,0.0405723893191039
n302,0.0196433630125024
n306306,0.0434907438879651
SAMN16340134,0.0
SAMN13082259,0.0
SAMN13082254,1.0
SAMN13082257,0.0
SAMN13082253,0.0
SAMN26308879,0.0
SAMN13622044,0.0
SAMN27404393,1.0
SAMN26308885,0.0
SAMN13082277,0.0
SAMN30965858,1.0
n293,0.0096554187589143
SAMN13082307,0.0
SAMN27404414,0.0
SAMN27404415,0.0
SAMN27404402,0.0
SAMN27404430,0.0
n298,0.0927469790026374
SAMN27404319,0.0
n300300,0.1070753125326984
SAMN12220332,0.0
n302302,0.0196433630125024
n303,0.1035592599464244
n307,0.0
SAMN10435683,1.0
n293293,0.0036860306937024
SAMN13082306,0.0
n298298,0.4945152335093448
SAMN27404449,1.0
n301,1.0
SAMN06754736,0.0
SAMN22657223,0.0
SAMN06754735,0.0
n303303,0.1035592599464244
SAMN11285029,0.0
n307307,0.0
SAMN11335366,0.0
SAMN13082309,0.0
SAMN13082308,0.0
SAMN26308860,0.0
SAMN06680400,1.0
n301301,1.0
SAMN27404427,0.0
n304,0.0102879004842149
SAMN12220341,1.0
n308,0.0
SAMN11335362,0.0
SAMN27404428,1.0
SAMN27404432,1.0
n304304,0.0102879004842149
SAMN11335390,0.0
n308308,0.0
SAMN11335372,0.0
n305,0.0072233341448186
SAMN27404352,0.0
n309,0.0
SAMN11335373,0.0
n305305,0.0071665364902007
SAMN11335387,0.0
SAMN11335375,0.0
SAMN11335374,0.0
SAMN11335392,0.0
SAMN11335391,0.0
