biosample_id,specimen_type_META
SAMN09405752,blood
SAMN13082362,urine
SAMN13082361,urine
SAMN13082350,urine
SAMN13082346,urine
SAMN10093604,urine
SAMN10093603,urine
SAMN11285030,blood
SAMN13082394,urine
SAMN13082275,urine
SAMN13082268,urine
SAMN13082261,urine
SAMN13082358,urine
SAMN13082357,urine
SAMN16340161,blood
SAMN16340160,blood
SAMN15868698,urine
SAMN11319406,urine
SAMN13423006,urine
SAMN13423000,urine
SAMN11319163,urine
SAMN06702094,urine
SAMN13082264,urine
SAMN13082263,urine
SAMN15868694,blood
SAMN26308806,urine
SAMN26304930,urine
SAMN26305101,urine
SAMN26308820,urine
SAMN26308789,urine
SAMN26304500,urine
SAMN04339721,urine
SAMN04339726,urine
SAMN06007768,urine
SAMN06680400,blood
SAMN06754733,urine
SAMN07325901,urine
SAMN07775514,urine
SAMN11335387,urine
SAMN11335390,urine
SAMN11335391,urine
SAMN11335392,urine
SAMN13082309,urine
SAMN13082308,urine
SAMN13082307,urine
SAMN13082306,urine
SAMN13082286,urine
SAMN13082285,urine
SAMN13082284,urine
SAMN13082277,urine
SAMN13082274,urine
SAMN13082273,urine
SAMN13082259,urine
SAMN13082257,urine
SAMN13082254,blood
SAMN13082253,urine
SAMN13082366,urine
SAMN13082363,urine
SAMN13082338,urine
SAMN13082337,urine
SAMN13082336,urine
SAMN13082333,urine
SAMN13082332,urine
SAMN15868253,urine
SAMN15868572,urine
SAMN16340135,blood
SAMN12220351,urine
SAMN12220346,urine
SAMN12220341,blood
SAMN12220332,urine
SAMN26308860,urine
SAMN26304539,urine
SAMN26308885,urine
SAMN27404390,urine
SAMN27404376,blood
SAMN27404352,urine
SAMN27404319,urine
SAMN02801907,blood
SAMN04339725,urine
SAMN06007773,urine
SAMN07775518,urine
SAMN11335398,urine
SAMN13082302,blood
SAMN13082235,urine
SAMN13082233,urine
SAMN13082249,urine
SAMN13082398,urine
SAMN13082391,urine
SAMN13082379,urine
SAMN13082244,urine
SAMN13082365,urine
SAMN13082241,urine
SAMN13082343,urine
SAMN13082239,urine
SAMN13082229,blood
SAMN10093574,urine
SAMN10093584,urine
SAMN10093608,urine
SAMN06702069,blood
SAMN15868506,urine
SAMN15868237,urine
SAMN15868188,urine
SAMN16340130,urine
SAMN16340124,urine
SAMN13622038,urine
SAMN12220347,urine
SAMN12220328,urine
SAMN11285021,urine
SAMN10435682,urine
SAMN09400803,blood
SAMN16340175,urine
SAMN27404407,urine
SAMN27404406,urine
SAMN26304908,urine
SAMN15868989,blood
SAMN26304538,urine
SAMN26304537,urine
SAMN26305028,urine
SAMN26308463,urine
SAMN26305017,urine
SAMN26309412,urine
SAMN26308462,urine
SAMN26305018,urine
SAMN26308787,urine
SAMN26308809,urine
SAMN26308465,urine
SAMN26308468,urine
SAMN26308466,urine
SAMN26308467,urine
SAMN26308469,urine
SAMN05194531,blood
SAMN13082387,urine
SAMN15868523,blood
SAMN26308822,urine
SAMN26308821,blood
SAMN26308747,urine
SAMN26308846,urine
SAMN26308845,urine
SAMN26304552,urine
SAMN26304551,urine
SAMN26304554,urine
SAMN26304553,urine
SAMN26304555,urine
SAMN02801902,blood
SAMN02801846,blood
SAMN02801844,blood
SAMN02801840,blood
SAMN02801838,blood
SAMN13082271,urine
SAMN13082270,urine
SAMN13082269,urine
SAMN13082403,urine
SAMN13082262,urine
SAMN13082232,urine
SAMN13082231,urine
SAMN13082230,urine
SAMN22677346,blood
SAMN09400874,urine
SAMN09400841,urine
SAMN26308844,urine
SAMN13082397,urine
SAMN02801889,blood
SAMN02801890,blood
SAMN11319494,urine
SAMN16340164,urine
SAMN16340122,blood
SAMN09400801,urine
SAMN26304757,urine
SAMN26308854,urine
SAMN26308796,urine
SAMN26308868,urine
SAMN26308776,urine
SAMN26308775,urine
SAMN26308774,urine
SAMN26308773,urine
SAMN26308791,urine
SAMN26308856,urine
SAMN26308825,urine
SAMN26308837,urine
SAMN11335437,urine
SAMN16935937,urine
SAMN26308853,urine
SAMN13082383,urine
SAMN13082252,urine
SAMN09400819,blood
SAMN15868657,urine
SAMN13082352,urine
SAMN13082341,urine
SAMN13082340,urine
SAMN13082339,urine
SAMN16340147,urine
SAMN13622034,urine
SAMN13176246,urine
SAMN13176243,urine
SAMN13176253,urine
SAMN13176239,urine
SAMN14669297,urine
SAMN14792114,urine
SAMN06015664,urine
SAMN10093579,urine
SAMN10093575,urine
SAMN10093600,urine
SAMN10093580,urine
SAMN10093573,urine
SAMN10093594,urine
SAMN10093595,urine
SAMN10093586,urine
SAMN10093577,urine
SAMN10093585,urine
SAMN10093587,urine
SAMN10093592,urine
SAMN10093593,urine
SAMN10093554,urine
SAMN10093598,urine
SAMN10093615,urine
SAMN10093631,urine
SAMN10093648,urine
SAMN06702095,blood
SAMN06702089,urine
SAMN06702076,urine
SAMN06702071,urine
SAMN06702070,blood
SAMN02801894,blood
SAMN02801895,blood
SAMN02801877,blood
SAMN02801819,blood
SAMN02801817,blood
SAMN04022944,urine
SAMN04096278,blood
SAMN04339718,urine
SAMN04339719,urine
SAMN04393386,urine
SAMN04393396,urine
SAMN05510456,urine
SAMN05463123,urine
SAMN05774075,urine
SAMN05774079,urine
SAMN22066475,urine
SAMN22657223,urine
SAMN25004485,blood
SAMN25226678,urine
SAMN25226641,urine
SAMN27020195,urine
SAMN26308501,urine
SAMN26305087,urine
SAMN26308893,urine
SAMN26308792,urine
SAMN26304707,urine
SAMN26308877,urine
SAMN26305030,urine
SAMN26304562,urine
SAMN26308476,urine
SAMN26304760,urine
SAMN26304604,urine
SAMN26304603,urine
SAMN26304761,urine
SAMN26304399,urine
SAMN26308786,urine
SAMN26304756,urine
SAMN26304385,urine
SAMN26308834,urine
SAMN26308818,urine
SAMN26304412,urine
SAMN26304558,urine
SAMN26305029,urine
SAMN26304559,urine
SAMN26304414,urine
SAMN26305100,urine
SAMN26308891,urine
SAMN26304501,urine
SAMN26308494,urine
SAMN26305071,urine
SAMN26308793,urine
SAMN26308874,urine
SAMN26304325,urine
SAMN26308487,urine
SAMN26308475,urine
SAMN26304704,urine
SAMN26304759,urine
SAMN26308797,urine
SAMN26308802,urine
SAMN26308483,urine
SAMN26305032,urine
SAMN26308878,urine
SAMN26308805,urine
SAMN26308889,urine
SAMN26305098,urine
SAMN26304933,urine
SAMN26304503,urine
SAMN26308892,urine
SAMN26304623,urine
SAMN26304622,urine
SAMN26308871,urine
SAMN26304504,urine
SAMN26309425,urine
SAMN26304479,urine
SAMN26308819,urine
SAMN26308861,urine
SAMN26308500,urine
SAMN26304706,urine
SAMN26308788,urine
SAMN26309423,urine
SAMN26308862,urine
SAMN26304560,urine
SAMN26304540,urine
SAMN26304411,urine
SAMN26305070,urine
SAMN26308849,urine
SAMN26304498,urine
SAMN26308812,urine
SAMN26304705,urine
SAMN26308474,urine
SAMN26304499,urine
SAMN26304536,urine
SAMN26304561,urine
SAMN26308482,urine
SAMN26308879,urine
SAMN26308492,urine
SAMN26304569,urine
SAMN26305182,urine
SAMN26304415,urine
SAMN26305099,urine
SAMN26305097,urine
SAMN26304469,urine
SAMN26309424,urine
SAMN26308890,urine
SAMN26304885,urine
SAMN26304907,urine
SAMN26304413,urine
SAMN26308472,urine
SAMN26305033,urine
SAMN26308847,urine
SAMN26308851,urine
SAMN26304506,urine
SAMN26308499,urine
SAMN26304755,urine
SAMN29599259,urine
SAMN29440615,urine
SAMN29767728,urine
SAMN29869135,blood
SAMN30109982,urine
SAMN30370668,urine
SAMN27404457,urine
SAMN27404455,urine
SAMN27404459,blood
SAMN27404449,blood
SAMN27404448,urine
SAMN27404441,urine
SAMN27404431,urine
SAMN27404426,urine
SAMN27404411,urine
SAMN27404417,blood
SAMN27404401,urine
SAMN27404393,blood
SAMN27404392,urine
SAMN27404391,blood
SAMN27404382,urine
SAMN27404383,urine
SAMN27404372,urine
SAMN27404354,urine
SAMN27404345,urine
SAMN27404335,urine
SAMN27404327,blood
SAMN27404323,urine
SAMN27404321,urine
SAMN27404318,urine
SAMN28174028,blood
SAMN30965858,blood
SAMN26308481,urine
SAMN26308886,urine
SAMN26308799,urine
SAMN26304338,urine
SAMN26308485,urine
SAMN26304339,urine
SAMN26308841,urine
SAMN26304505,urine
SAMN26304758,urine
SAMN26308480,urine
SAMN26308859,urine
SAMN26308852,blood
SAMN26304932,urine
SAMN26305019,urine
SAMN26308488,urine
SAMN26308785,urine
SAMN26308865,urine
SAMN26308807,urine
SAMN11335376,urine
SAMN20203224,urine
SAMN15226391,urine
SAMN11319183,urine
SAMN11319341,urine
SAMN11319335,urine
SAMN11319300,urine
SAMN11319299,urine
SAMN11319305,urine
SAMN11319182,urine
SAMN11319316,urine
SAMN11319313,urine
SAMN11319168,urine
SAMN11319282,urine
SAMN11319321,urine
SAMN11319169,urine
SAMN11319166,urine
SAMN11319189,urine
SAMN11319386,urine
SAMN11319389,urine
SAMN09405759,urine
SAMN09405757,urine
SAMN09405758,urine
SAMN13423026,urine
SAMN13423024,urine
SAMN13423021,urine
SAMN13423020,urine
SAMN13422994,urine
SAMN13422992,urine
SAMN13082237,urine
SAMN13082305,urine
SAMN13082301,urine
SAMN13082236,urine
SAMN13082282,urine
SAMN13082281,urine
SAMN13082280,urine
SAMN13082279,urine
SAMN13082267,urine
SAMN13082265,urine
SAMN13082250,urine
SAMN13082248,urine
SAMN13082416,urine
SAMN13082415,urine
SAMN13082414,urine
SAMN13082413,urine
SAMN13082409,urine
SAMN13082408,urine
SAMN13082402,urine
SAMN13082400,urine
SAMN13082392,urine
SAMN13082245,urine
SAMN13082382,urine
SAMN13082381,urine
SAMN13082380,urine
SAMN13082378,urine
SAMN13082374,urine
SAMN13082371,urine
SAMN13082370,urine
SAMN13082369,urine
SAMN13082243,urine
SAMN13082367,urine
SAMN13082359,urine
SAMN13082242,urine
SAMN13082356,urine
SAMN13082351,urine
SAMN13082348,urine
SAMN13082347,urine
SAMN13082345,urine
SAMN13082328,urine
SAMN13082327,urine
SAMN13082326,urine
SAMN13082238,urine
SAMN13082314,urine
SAMN06680403,urine
SAMN06754736,urine
SAMN06754735,urine
SAMN07325904,urine
SAMN07332517,urine
SAMN07450853,urine
SAMN07450858,urine
SAMN07662565,urine
SAMN07775517,urine
SAMN15868351,urine
SAMN15868897,urine
SAMN15868722,urine
SAMN15868530,urine
SAMN15868503,blood
SAMN15868277,urine
SAMN15868269,urine
SAMN15868239,urine
SAMN15869013,blood
SAMN15868462,urine
SAMN15868458,blood
SAMN15868771,urine
SAMN15868206,blood
SAMN15868166,urine
SAMN15869147,urine
SAMN15868892,blood
SAMN15868953,urine
SAMN15868741,urine
SAMN15868644,urine
SAMN16826310,urine
SAMN16895654,urine
SAMN16340184,blood
SAMN16340172,urine
SAMN16340168,urine
SAMN16340165,blood
SAMN13622053,urine
SAMN16340142,urine
SAMN16340140,urine
SAMN16340134,urine
SAMN13622052,urine
SAMN13622048,urine
SAMN13622046,urine
SAMN13622044,urine
SAMN13622036,blood
SAMN13622033,urine
SAMN12220349,urine
SAMN12220342,blood
SAMN12220343,urine
SAMN12220340,blood
SAMN12220330,urine
SAMN11285029,urine
SAMN11285018,urine
SAMN10435690,urine
SAMN10435686,urine
SAMN10435683,blood
SAMN10435685,blood
SAMN10435681,urine
SAMN10435675,urine
SAMN09400875,urine
SAMN09400870,urine
SAMN09400857,urine
SAMN09400855,urine
SAMN09400849,urine
SAMN09400850,urine
SAMN09400842,urine
SAMN09400835,urine
SAMN09400830,urine
SAMN09400831,blood
SAMN09400822,urine
SAMN09400811,blood
SAMN09400806,urine
SAMN09400833,urine
SAMN09400815,urine
SAMN31488201,urine
SAMN05510454,urine
SAMN13622037,urine
SAMN11285026,urine
SAMN09400879,blood
SAMN09400827,urine
SAMN26308484,urine
SAMN04456581,urine
SAMN26304497,urine
SAMN11319340,urine
SAMN11319381,urine
SAMN11319293,blood
SAMN10093614,urine
SAMN06702061,urine
SAMN26308473,urine
SAMN11335419,urine
SAMN11335418,urine
SAMN11335417,urine
SAMN11335416,urine
SAMN11335425,urine
SAMN11335424,urine
SAMN11335426,urine
SAMN11335404,urine
SAMN11335408,urine
SAMN11335409,urine
SAMN11335410,urine
SAMN11335411,urine
SAMN13082419,urine
SAMN13082418,urine
SAMN07605641,urine
SAMN13082294,urine
SAMN13082293,urine
SAMN13082272,urine
SAMN13082260,urine
SAMN13082399,urine
SAMN13082355,urine
SAMN13082349,urine
SAMN13082240,urine
SAMN13082329,urine
SAMN13082360,urine
SAMN26367022,urine
SAMN27404442,urine
SAMN27404365,urine
SAMN27404350,urine
SAMN15868742,blood
SAMN13082401,urine
SAMN13082325,urine
SAMN13082324,urine
SAMN13082323,urine
SAMN13082322,urine
SAMN13082321,urine
SAMN26308454,urine
SAMN27404368,blood
SAMN13082404,urine
SAMN13082344,urine
SAMN13082342,urine
SAMN15868329,urine
SAMN15869019,urine
SAMN15868731,urine
SAMN15868807,blood
SAMN15868211,blood
SAMN28174078,blood
SAMN28174077,blood
SAMN27404437,urine
SAMN27404380,urine
SAMN27404379,blood
SAMN27404337,urine
SAMN16340159,urine
SAMN27404389,blood
SAMN27404388,urine
SAMN27404381,urine
SAMN27404339,urine
SAMN27404313,urine
SAMN09400839,urine
SAMN26366668,urine
SAMN26308496,urine
SAMN26308491,urine
SAMN26308497,urine
SAMN28174092,blood
SAMN31390130,blood
SAMN31390129,blood
SAMN05510453,urine
SAMN07450852,urine
SAMN27407159,blood
SAMN09400873,urine
SAMN11335465,urine
SAMN11335464,urine
SAMN11335463,urine
SAMN11335457,urine
SAMN11335456,urine
SAMN11335458,urine
SAMN11335454,urine
SAMN11335455,urine
SAMN11335449,urine
SAMN15869092,urine
SAMN15869090,urine
SAMN26367026,blood
SAMN26308883,urine
SAMN27404361,blood
SAMN13082386,urine
SAMN13082385,urine
SAMN13082384,urine
SAMN09400832,urine
SAMN09400814,urine
SAMN09400804,blood
SAMN04096285,blood
SAMN04096286,blood
SAMN04096287,blood
SAMN04096289,blood
SAMN04122814,blood
SAMN04122817,blood
SAMN04122816,blood
SAMN04622927,blood
SAMN04622923,blood
SAMN04622924,blood
SAMN04622925,blood
SAMN04622926,blood
SAMN05178547,blood
SAMN05178548,blood
SAMN05194541,blood
SAMN05194542,blood
SAMN05194543,blood
SAMN05194544,blood
SAMN05194539,blood
SAMN05194540,blood
SAMN05374483,blood
SAMN05374486,blood
SAMN05374480,blood
SAMN05374481,blood
SAMN05374482,blood
SAMN04393398,urine
SAMN04393388,urine
SAMN06007769,urine
SAMN06015666,urine
SAMN27404326,urine
SAMN04122822,blood
SAMN04456582,blood
SAMN11335445,urine
SAMN11335440,urine
SAMN11335448,urine
SAMN11335446,urine
SAMN11335447,urine
SAMN27404418,urine
SAMN27404400,blood
SAMN27404367,blood
SAMN05774085,urine
SAMN05774078,urine
SAMN05806174,urine
SAMN06672151,urine
SAMN13082291,urine
SAMN13082283,urine
SAMN13082315,urine
SAMN10093581,urine
SAMN27404447,urine
SAMN15868476,blood
SAMN27404436,blood
SAMN04393390,urine
SAMN11335372,urine
SAMN11335373,urine
SAMN11335366,urine
SAMN11335374,urine
SAMN11335375,urine
SAMN11335362,urine
SAMN09400792,urine
SAMN11335385,urine
SAMN11335384,urine
SAMN11335383,urine
SAMN11335378,urine
SAMN11335386,urine
SAMN09405760,blood
SAMN13422978,urine
SAMN16340141,urine
SAMN28174062,blood
SAMN03892127,blood
SAMN03892121,blood
SAMN04122807,blood
SAMN13082300,urine
SAMN13082299,blood
SAMN13082298,urine
SAMN13082297,urine
SAMN27404456,urine
SAMN27404439,urine
SAMN27404408,urine
SAMN27404409,urine
SAMN27404398,urine
SAMN27404394,urine
SAMN28174009,blood
SAMN26308783,urine
SAMN26308782,urine
SAMN28174052,blood
SAMN28174053,blood
SAMN31257659,urine
SAMN26308863,urine
SAMN26308840,urine
SAMN26308875,urine
SAMN26308867,urine
SAMN26308835,urine
SAMN26308881,urine
SAMN26308887,urine
SAMN26305031,urine
SAMN26308873,blood
SAMN26308872,urine
SAMN06311519,urine
SAMN26304462,urine
SAMN26308763,blood
SAMN26308762,urine
SAMN27404364,blood
SAMN27404404,blood
SAMN27404386,urine
SAMN09400878,urine
SAMN26308882,urine
SAMN26304753,urine
SAMN26308761,urine
SAMN26304873,urine
SAMN26308493,urine
SAMN26308471,urine
SAMN26304502,urine
SAMN26304496,urine
SAMN28174099,blood
SAMN13082287,urine
SAMN26308850,urine
SAMN26308866,urine
SAMN26305180,urine
SAMN26305183,urine
SAMN26308479,urine
SAMN26308478,urine
SAMN26308771,urine
SAMN26308772,urine
SAMN26308855,urine
SAMN26308884,urine
SAMN26308810,urine
SAMN26308838,urine
SAMN26308811,blood
SAMN26308489,urine
SAMN26308470,urine
SAMN27404371,blood
SAMN27404370,urine
SAMN27404346,blood
SAMN27404347,urine
SAMN26304906,urine
SAMN26308781,urine
SAMN26308777,urine
SAMN26308770,urine
SAMN26308769,urine
SAMN26304754,urine
SAMN26308779,urine
SAMN26308778,urine
SAMN26308780,urine
SAMN26308464,urine
SAMN26304703,urine
SAMN26304702,urine
SAMN26308839,urine
SAMN26308843,urine
SAMN26308801,urine
SAMN26308490,urine
SAMN26305190,urine
SAMN26308486,urine
SAMN26308794,blood
SAMN26308814,urine
SAMN26308795,urine
SAMN26308766,blood
SAMN26308880,urine
SAMN27404460,blood
SAMN27404344,urine
SAMN27404320,urine
SAMN27404432,blood
SAMN27404428,blood
SAMN27404427,urine
SAMN09400869,urine
SAMN26304621,urine
SAMN26304556,urine
SAMN26308830,urine
SAMN26308832,urine
SAMN26308498,urine
SAMN26308831,urine
SAMN26308836,urine
SAMN26308477,urine
SAMN27404328,urine
SAMN27404336,urine
SAMN27404315,urine
SAMN27404312,blood
SAMN27404415,urine
SAMN27404414,urine
SAMN27404430,urine
SAMN27404402,urine
SAMN26308765,urine
SAMN26308764,urine
SAMN06015662,blood
SAMN11319444,urine
SAMN13082278,urine
SAMN13082393,urine
SAMN13082353,urine
SAMN13082313,urine
SAMN13082312,urine
SAMN10093596,urine
SAMN06702082,blood
SAMN26308829,urine
SAMN07775513,urine
SAMN14792069,urine
SAMN13082266,blood
SAMN13082410,urine
SAMN13082407,urine
SAMN13082406,urine
SAMN13082405,urine
SAMN13082390,urine
SAMN13082389,urine
SAMN13082388,urine
SAMN13082377,urine
SAMN13082364,urine
SAMN13082320,urine
SAMN10093590,urine
SAMN16340148,urine
SAMN16340143,blood
SAMN16340132,urine
SAMN16340123,urine
SAMN13622050,urine
SAMN09400846,urine
SAMN09400791,urine
SAMN16340190,urine
SAMN27404332,blood
SAMN27404333,urine
SAMN02801896,blood
SAMN02801906,blood
SAMN02801878,blood
SAMN02801876,blood
SAMN02801826,blood
SAMN02801822,blood
SAMN04606407,urine
SAMN13423005,urine
SAMN13422999,urine
SAMN13082292,urine
SAMN13082288,urine
SAMN13082234,urine
SAMN13082276,blood
SAMN13082251,urine
SAMN13082417,urine
SAMN26308790,urine
SAMN26304624,urine
SAMN26308808,urine
SAMN26308817,urine
SAMN26308800,urine
SAMN26308798,urine
SAMN27404369,urine
SAMN26308827,urine
SAMN26308864,urine
SAMN07332516,urine
SAMN07332520,urine
SAMN04622922,blood
SAMN05194538,blood
SAMN04622920,blood
SAMN05194537,blood
SAMN04122821,blood
SAMN04339728,blood
SAMN02801868,blood
SAMN02801843,blood
SAMN02801828,blood
SAMN02801827,blood