node,dummy
root,1
n0,1
n6161,1
n00,1
SAMN11319316,1
n62,1
n401401,1
n1,1
n15,1
n6262,1
SAMN15868771,1
n402,1
SAMN11319305,1
n11,1
n13,1
n1515,1
n5353,1
n63,1
n400400,1
n402402,1
n446446,1
n2,1
SAMN26308499,1
n1313,1
SAMN11319282,1
n16,1
n4747,1
n54,1
n61,1
n6363,1
n395395,1
n401,1
SAMN11319341,1
n403,1
n409409,1
SAMN26308802,1
SAMN29599259,1
n22,1
n1212,1
n14,1
n1414,1
n1616,1
SAMN26304704,1
n48,1
n51,1
n5454,1
SAMN15868530,1
SAMN26308493,1
SAMN26308471,1
n394394,1
n6464,1
n396,1
SAMN09405752,1
SAMN26309425,1
SAMN26304415,1
n403403,1
n408408,1
n410,1
n445,1
n3,1
SAMN26304325,1
SAMN26304479,1
SAMN11319166,1
SAMN11319335,1
SAMN26304705,1
SAMN06015664,1
SAMN11319389,1
n17,1
n1717,1
n4848,1
n50,1
n5151,1
SAMN26308484,1
n5555,1
SAMN15868277,1
n395,1
SAMN11319169,1
n65,1
n245,1
n396396,1
n398398,1
n404,1
n407407,1
n409,1
SAMN13422978,1
n410410,1
n437437,1
n445445,1
SAMN26308785,1
n33,1
n55,1
SAMN10093631,1
SAMN11319386,1
n18,1
n1919,1
n49,1
SAMN26308474,1
n5050,1
SAMN09400814,1
n52,1
SAMN09400827,1
n56,1
n5656,1
SAMN13082356,1
SAMN11319163,1
n6565,1
SAMN27404441,1
n245245,1
n358358,1
n397,1
SAMN26305070,1
n399,1
SAMN26308892,1
n404404,1
SAMN26304506,1
n408,1
SAMN26304500,1
SAMN07325904,1
SAMN09405759,1
n411,1
n436,1
n438,1
SAMN26309423,1
n446,1
SAMN09405758,1
n4,1
SAMN15868657,1
n6,1
n99,1
n1818,1
n19,1
n20,1
n2020,1
n4949,1
SAMN26308486,1
SAMN09400832,1
SAMN09400804,1
n5252,1
SAMN05510454,1
SAMN15868897,1
SAMN26308481,1
n57,1
SAMN26304604,1
n6666,1
n237237,1
n246,1
SAMN02801894,1
n359,1
n360,1
n397397,1
SAMN09405760,1
n399399,1
SAMN26308859,1
n405,1
n407,1
SAMN26308877,1
SAMN26308819,1
n411411,1
n435435,1
n436436,1
n437,1
n438438,1
n442,1
SAMN26308875,1
SAMN26308867,1
n44,1
SAMN27407159,1
n66,1
n77,1
n10,1
SAMN29869135,1
SAMN25004485,1
SAMN04393386,1
SAMN10093600,1
SAMN26304603,1
SAMN26308494,1
SAMN26308477,1
n21,1
n4545,1
SAMN26305190,1
SAMN26308490,1
n53,1
SAMN09400879,1
n5757,1
SAMN11335458,1
n67,1
n232,1
n238,1
n240,1
n246246,1
n358,1
n359359,1
SAMN26308795,1
n360360,1
n361361,1
n398,1
SAMN26304755,1
n400,1
SAMN06680403,1
n405405,1
SAMN26305098,1
SAMN05194537,1
SAMN04622920,1
n412,1
n419419,1
SAMN26304502,1
SAMN26304496,1
SAMN10093587,1
SAMN26305030,1
SAMN26304414,1
SAMN26308862,1
n439,1
SAMN10093598,1
n442442,1
n443,1
n5,1
SAMN26304569,1
n7,1
SAMN26308491,1
n8,1
n9,1
n1010,1
n1111,1
n2121,1
n2525,1
n46,1
SAMN26308466,1
SAMN11285026,1
SAMN13622037,1
n58,1
n6060,1
n6767,1
n229,1
n232232,1
SAMN06311519,1
n238238,1
n239239,1
n240240,1
SAMN13082391,1
n247,1
n248,1
SAMN27404335,1
SAMN27404364,1
SAMN26308794,1
SAMN26308814,1
n361,1
SAMN13082267,1
n362,1
SAMN15868351,1
SAMN26308850,1
SAMN26308866,1
SAMN04122821,1
SAMN04339728,1
n406,1
SAMN11319406,1
n412412,1
SAMN26305099,1
n420,1
SAMN10093575,1
n439439,1
n441441,1
SAMN26308806,1
SAMN13422992,1
n443443,1
SAMN27404411,1
SAMN07450852,1
SAMN05510453,1
SAMN26308496,1
SAMN26308497,1
n88,1
SAMN09400839,1
SAMN28174092,1
SAMN26366668,1
SAMN27404383,1
SAMN28174009,1
n12,1
SAMN15868239,1
n2222,1
SAMN26308492,1
n26,1
n28,1
n4646,1
n47,1
n5858,1
SAMN11335454,1
SAMN11335449,1
SAMN11335455,1
n68,1
n136136,1
n229229,1
SAMN13082281,1
n233,1
n236,1
n239,1
SAMN02801890,1
SAMN13622048,1
SAMN09400875,1
n241,1
SAMN15868698,1
n247247,1
SAMN05463123,1
n248248,1
n250,1
SAMN27404354,1
SAMN27404323,1
n362362,1
n381381,1
n406406,1
SAMN26304413,1
n413,1
n414,1
n420420,1
SAMN26308841,1
n441,1
n440440,1
SAMN09405757,1
SAMN10093580,1
n444,1
SAMN10093648,1
SAMN31390129,1
SAMN31390130,1
SAMN13622034,1
SAMN16340147,1
n23,1
SAMN26305071,1
n2626,1
n27,1
n2828,1
n3434,1
SAMN26308469,1
SAMN26308465,1
SAMN26308467,1
SAMN26308468,1
n59,1
SAMN11335456,1
n6868,1
n124124,1
n137,1
n211211,1
n230,1
SAMN13082242,1
n233233,1
SAMN15226391,1
n236236,1
n237,1
SAMN02801889,1
SAMN11319494,1
n241241,1
SAMN06702089,1
SAMN27404346,1
SAMN27404347,1
SAMN13082245,1
n249249,1
n250250,1
n357357,1
n363,1
n374374,1
n382,1
n382382,1
SAMN26308887,1
SAMN26305031,1
n413413,1
SAMN26305101,1
n414414,1
n419,1
n421,1
SAMN11319189,1
SAMN10093579,1
SAMN10093573,1
SAMN26305087,1
SAMN26304399,1
n444444,1
SAMN26308810,1
n2323,1
SAMN26308480,1
SAMN10093604,1
SAMN10093603,1
n2727,1
SAMN26304706,1
n29,1
n3333,1
n35,1
n3535,1
n5959,1
SAMN11335465,1
n69,1
SAMN10435685,1
n125,1
n125125,1
n137137,1
SAMN11319299,1
n212,1
n228228,1
n230230,1
n231231,1
n234,1
n235,1
SAMN26308796,1
SAMN26308868,1
SAMN26304757,1
SAMN26308854,1
n242,1
n243,1
SAMN14792114,1
SAMN06702070,1
n251,1
n319,1
SAMN13082393,1
SAMN26304499,1
n363363,1
n367,1
n375,1
n380380,1
SAMN09400819,1
SAMN13423005,1
n383,1
n394,1
SAMN26305100,1
SAMN26304932,1
n415,1
n415415,1
SAMN13082280,1
SAMN26308812,1
n421421,1
SAMN26308874,1
SAMN26308838,1
SAMN26308811,1
n24,1
SAMN26305018,1
SAMN26308479,1
SAMN26308478,1
n2929,1
SAMN06702061,1
n34,1
SAMN26308498,1
SAMN15868166,1
SAMN09400850,1
n36,1
n3737,1
n60,1
SAMN11335457,1
n6969,1
n119,1
SAMN05374483,1
SAMN05374480,1
n126,1
SAMN05374482,1
n138,1
n207207,1
n212212,1
n224224,1
SAMN25226678,1
SAMN16935937,1
n231,1
SAMN13082252,1
SAMN09400869,1
SAMN09400833,1
n234234,1
SAMN13082360,1
n235235,1
SAMN27404350,1
n242242,1
SAMN02801819,1
n243243,1
n244244,1
n251251,1
n318,1
n319319,1
n320320,1
n364,1
SAMN26304907,1
n367367,1
n370,1
n375375,1
SAMN26308820,1
n381,1
SAMN02801895,1
n383383,1
SAMN26308834,1
SAMN26304759,1
SAMN13082251,1
SAMN11319183,1
SAMN13082413,1
n416,1
n417,1
n422,1
n423,1
n2424,1
SAMN26308463,1
n30,1
n32,1
SAMN26308489,1
SAMN26308470,1
n3636,1
n37,1
n38,1
SAMN26308487,1
SAMN11335464,1
SAMN11335463,1
n70,1
n106,1
n119119,1
n120120,1
n126126,1
SAMN05178548,1
n138138,1
n146146,1
n208,1
n210210,1
n213,1
n217,1
n225,1
n226226,1
SAMN27404386,1
SAMN27404404,1
SAMN27404365,1
SAMN27404442,1
SAMN26367022,1
SAMN30109982,1
SAMN02801907,1
SAMN13082415,1
n244,1
SAMN13082302,1
SAMN15868503,1
SAMN11285030,1
n252,1
n252252,1
n318318,1
SAMN11335437,1
n320,1
SAMN13082402,1
n321,1
n322,1
n364364,1
SAMN13082370,1
n368,1
n369369,1
n370370,1
n371,1
n376,1
SAMN13082301,1
SAMN26304469,1
SAMN13082380,1
n384,1
n384384,1
n416416,1
SAMN11319300,1
n417417,1
SAMN26308786,1
n422422,1
SAMN26308853,1
n423423,1
n433,1
n25,1
SAMN26305017,1
n3030,1
SAMN11319381,1
SAMN06702094,1
SAMN26308485,1
SAMN15868206,1
SAMN26305019,1
SAMN11319340,1
SAMN10093614,1
n3838,1
SAMN26308475,1
n7070,1
n104104,1
n106106,1
n107107,1
n120,1
SAMN09400801,1
n121,1
n121121,1
n127,1
n127127,1
n139,1
n143,1
n147,1
n200200,1
n208208,1
SAMN27404459,1
n211,1
SAMN13082394,1
n213213,1
SAMN13082305,1
n217217,1
n221221,1
n225225,1
n226,1
n227,1
SAMN04122807,1
SAMN22677346,1
SAMN15868742,1
SAMN15868722,1
SAMN26305097,1
n253,1
n257,1
SAMN26308832,1
SAMN26308830,1
SAMN13082397,1
SAMN13082293,1
n321321,1
SAMN11319182,1
n322322,1
n323,1
n365,1
n366,1
n368368,1
SAMN27404369,1
SAMN28174099,1
SAMN29767728,1
SAMN26308827,1
SAMN26304561,1
n371371,1
n373373,1
n376376,1
SAMN13082292,1
SAMN02801826,1
SAMN02801822,1
n385,1
n387,1
SAMN26304753,1
SAMN26308761,1
n418,1
n418418,1
SAMN10093593,1
SAMN26304560,1
n424,1
n425425,1
n433433,1
n435,1
SAMN26309412,1
SAMN26308462,1
n31,1
SAMN25226641,1
n39,1
n4444,1
n71,1
SAMN13082233,1
n105,1
n105105,1
n107,1
SAMN12220343,1
n108,1
n117117,1
SAMN16340122,1
SAMN16340164,1
SAMN16340141,1
SAMN13082383,1
n122,1
SAMN13082409,1
SAMN05374486,1
SAMN05374481,1
n128,1
SAMN04096287,1
n139139,1
SAMN27404456,1
n143143,1
n145145,1
n147147,1
SAMN11335376,1
n201,1
n207,1
n209,1
n210,1
SAMN27404431,1
SAMN13082367,1
n214,1
n215,1
n218,1
n220220,1
n222,1
n222222,1
SAMN26304556,1
SAMN26304621,1
SAMN04456582,1
SAMN04122822,1
n227227,1
SAMN13082300,1
n253253,1
n256,1
n257257,1
n317,1
SAMN13423026,1
SAMN13082381,1
SAMN13082329,1
SAMN09400842,1
n323323,1
n356356,1
n365365,1
SAMN26304761,1
SAMN13423020,1
SAMN13082243,1
n369,1
SAMN26308817,1
n372,1
SAMN20203224,1
n374,1
SAMN11319313,1
n377,1
n378,1
n385385,1
SAMN13082414,1
n387387,1
n390390,1
SAMN26308882,1
SAMN26304885,1
SAMN26304501,1
SAMN11319168,1
n424424,1
SAMN26304505,1
n426,1
n432,1
n434,1
SAMN10093595,1
SAMN26308765,1
SAMN26308764,1
n3131,1
SAMN26304703,1
n3939,1
n40,1
n45,1
SAMN26308501,1
n7171,1
n101101,1
SAMN03892121,1
SAMN03892127,1
SAMN13082358,1
SAMN13082357,1
SAMN13082346,1
SAMN13082350,1
n108108,1
n109,1
n118,1
SAMN13082235,1
n122122,1
SAMN16340159,1
n128128,1
n136,1
n140,1
n142142,1
n144,1
SAMN27404401,1
n146,1
SAMN27404326,1
n148,1
n196,1
n201201,1
SAMN26308844,1
SAMN13082419,1
SAMN13082418,1
n209209,1
SAMN26308805,1
SAMN26308762,1
SAMN26308763,1
n214214,1
SAMN13082392,1
n215215,1
n216216,1
n218218,1
SAMN27404418,1
n221,1
SAMN27404367,1
SAMN10093577,1
SAMN13082378,1
n223,1
n223223,1
n228,1
SAMN13082297,1
n254,1
n254254,1
n256256,1
SAMN26308829,1
n258,1
n259,1
n317317,1
SAMN13082248,1
n324,1
n332332,1
n357,1
SAMN13082326,1
SAMN26304504,1
SAMN10435681,1
SAMN26308790,1
SAMN26308800,1
n372372,1
SAMN26308864,1
SAMN13082276,1
SAMN26309424,1
n377377,1
SAMN13422999,1
n378378,1
n380,1
n386,1
SAMN26308825,1
n388,1
SAMN26308886,1
n391,1
n393393,1
n425,1
SAMN06702095,1
n426426,1
n429,1
n432432,1
SAMN26304540,1
n434434,1
SAMN26305032,1
SAMN26304702,1
SAMN26308464,1
SAMN26308482,1
SAMN16340140,1
n4040,1
n43,1
SAMN26308476,1
SAMN26308472,1
n72,1
n8686,1
n102,1
n104,1
SAMN13082268,1
SAMN13082261,1
n109109,1
n117,1
n118118,1
SAMN13082244,1
n123,1
SAMN27404381,1
n129,1
n135135,1
SAMN04096289,1
SAMN05194544,1
n140140,1
SAMN27404398,1
SAMN27404408,1
SAMN27404409,1
n144144,1
SAMN13082232,1
SAMN06015666,1
SAMN06007769,1
n148148,1
n156,1
n196196,1
SAMN10093581,1
n202,1
SAMN11335408,1
SAMN16340161,1
SAMN16340160,1
SAMN13082314,1
SAMN13082400,1
n216,1
SAMN26308801,1
SAMN15869090,1
SAMN15869092,1
n219,1
n220,1
SAMN27404400,1
SAMN27404391,1
SAMN06702069,1
SAMN13082408,1
n224,1
SAMN13082265,1
SAMN13082298,1
SAMN13082299,1
SAMN26304338,1
SAMN10093585,1
n255,1
SAMN13082374,1
SAMN06702082,1
SAMN26308792,1
n258258,1
SAMN26304536,1
n259259,1
SAMN13082371,1
SAMN06015662,1
SAMN26304411,1
n324324,1
n331331,1
n333,1
n353353,1
SAMN10093592,1
SAMN13423024,1
n373,1
SAMN26304624,1
SAMN13423021,1
SAMN26304930,1
n379,1
SAMN26308852,1
SAMN26308889,1
SAMN26304339,1
n386386,1
SAMN26308791,1
n388388,1
n389389,1
n391391,1
n392,1
SAMN13082234,1
SAMN26308851,1
SAMN05194531,1
SAMN26304760,1
n427,1
n428,1
n429429,1
SAMN10093586,1
SAMN26304498,1
SAMN26308788,1
SAMN26305033,1
SAMN13082282,1
n41,1
n42,1
n4343,1
SAMN26308483,1
n7272,1
n8484,1
n87,1
n95,1
n102102,1
SAMN13082327,1
SAMN13082403,1
SAMN09400857,1
n110,1
n111111,1
SAMN10093594,1
SAMN07775517,1
SAMN13082239,1
SAMN13082229,1
n123123,1
n124,1
n129129,1
n130130,1
SAMN05194540,1
SAMN05194542,1
n141,1
n142,1
n145,1
SAMN13082262,1
n149,1
n154154,1
n156156,1
n187187,1
n197,1
SAMN13082283,1
n202202,1
n204204,1
SAMN26308843,1
SAMN26308839,1
n219219,1
SAMN11335446,1
SAMN11335440,1
SAMN11335447,1
SAMN13082362,1
SAMN13082361,1
n255255,1
SAMN10093596,1
SAMN10435675,1
SAMN09400873,1
n260,1
n262,1
n325,1
n325325,1
n332,1
SAMN13082294,1
n333333,1
n344,1
n354,1
SAMN16895654,1
SAMN26308808,1
SAMN26308798,1
n379379,1
SAMN02801877,1
SAMN26308837,1
SAMN26308856,1
n389,1
SAMN15868462,1
n390,1
SAMN13082369,1
SAMN26308855,1
SAMN26308884,1
n392392,1
SAMN13082288,1
n427427,1
SAMN26305029,1
n428428,1
SAMN26304462,1
n430,1
SAMN26308865,1
n4141,1
SAMN26304707,1
n4242,1
SAMN26308500,1
SAMN10093615,1
SAMN26304385,1
n73,1
n8383,1
n85,1
SAMN13622046,1
n8787,1
n94,1
n9595,1
n9898,1
n103,1
SAMN13622053,1
n110110,1
SAMN12220340,1
n112,1
n115,1
SAMN27404313,1
SAMN27404339,1
SAMN27404389,1
SAMN27404388,1
n130,1
SAMN04096286,1
n131,1
SAMN05194543,1
n141141,1
SAMN27404455,1
SAMN27404370,1
SAMN27404371,1
SAMN13082231,1
SAMN13082230,1
n149149,1
n153153,1
n155,1
SAMN13082320,1
n157,1
n178,1
n188,1
n193193,1
n197197,1
SAMN13082291,1
n203,1
SAMN11335417,1
n205,1
SAMN11335411,1
SAMN11335448,1
SAMN11335445,1
SAMN26308809,1
SAMN26308787,1
n260260,1
SAMN13082382,1
n262262,1
n265,1
SAMN26308891,1
SAMN06702071,1
n326,1
SAMN26305182,1
SAMN26308840,1
SAMN26308863,1
n334,1
SAMN13082348,1
n344344,1
n347,1
n354354,1
SAMN26304559,1
SAMN02801876,1
SAMN02801878,1
SAMN26305180,1
SAMN26305183,1
SAMN26308835,1
SAMN26308881,1
n393,1
SAMN13082417,1
SAMN26308849,1
SAMN26304758,1
SAMN26308783,1
SAMN26308782,1
n430430,1
SAMN26308778,1
SAMN26308488,1
SAMN26308473,1
SAMN30370668,1
SAMN26304873,1
n7373,1
SAMN13622052,1
n84,1
SAMN06007773,1
n8585,1
n86,1
n8888,1
SAMN26308847,1
n9494,1
SAMN13082398,1
n96,1
n98,1
n9999,1
n100100,1
n103103,1
SAMN13082341,1
n111,1
SAMN15868694,1
n112112,1
SAMN04393398,1
n115115,1
SAMN26308846,1
SAMN05194541,1
SAMN05194539,1
n131131,1
SAMN04622925,1
SAMN27404394,1
SAMN27404439,1
n150,1
n150150,1
n154,1
SAMN13082279,1
n155155,1
SAMN02801817,1
n157157,1
n160160,1
n178178,1
n180180,1
n188188,1
n193,1
n194,1
SAMN13082377,1
n198,1
n199199,1
n203203,1
SAMN11335425,1
n205205,1
SAMN11335419,1
n261,1
SAMN27404321,1
n263,1
SAMN13082328,1
n265265,1
n316316,1
n326326,1
SAMN26304756,1
n334334,1
n335,1
n345,1
n345345,1
n347347,1
n351,1
n355,1
n356,1
SAMN02801906,1
SAMN02801896,1
n431,1
n431431,1
n74,1
n7474,1
SAMN04622922,1
SAMN05194538,1
SAMN26308818,1
SAMN13082379,1
SAMN13082263,1
SAMN13082264,1
n89,1
SAMN13082241,1
SAMN13082250,1
SAMN13082238,1
n9696,1
SAMN13082275,1
SAMN27404382,1
SAMN27404327,1
n100,1
SAMN13082384,1
n101,1
SAMN13082352,1
SAMN13082339,1
SAMN13082340,1
SAMN07332520,1
SAMN07332516,1
n113,1
n113113,1
n116,1
SAMN26308822,1
n132,1
n134134,1
SAMN11319321,1
SAMN05774075,1
n151,1
SAMN13082266,1
SAMN26308797,1
SAMN09400870,1
SAMN02801843,1
SAMN02801868,1
n158,1
n160,1
n161,1
n174174,1
n179,1
SAMN28174062,1
n181,1
n184184,1
n189,1
n191,1
SAMN10093554,1
SAMN07775513,1
n194194,1
n195195,1
n198198,1
SAMN27404447,1
n200,1
SAMN05806174,1
n204,1
SAMN11335416,1
n206,1
SAMN11335404,1
n261261,1
SAMN11319444,1
n263263,1
SAMN02801840,1
n266,1
SAMN13082237,1
SAMN13082387,1
SAMN15868523,1
n327,1
SAMN26308861,1
SAMN13082345,1
SAMN26308766,1
n335335,1
n336336,1
SAMN02801827,1
SAMN02801828,1
n346,1
n346346,1
n348,1
n348348,1
n351351,1
SAMN09400835,1
n355355,1
SAMN26304554,1
SAMN26304555,1
SAMN26304553,1
SAMN26308873,1
SAMN26308872,1
SAMN26308780,1
SAMN26308779,1
SAMN27404312,1
SAMN27404315,1
n75,1
n8282,1
n8989,1
n93,1
n97,1
SAMN13082343,1
SAMN13082385,1
SAMN13082386,1
SAMN26308893,1
SAMN27020195,1
SAMN04022944,1
SAMN12220342,1
n114,1
SAMN13622036,1
n116116,1
SAMN26308821,1
n132132,1
SAMN04622926,1
n135,1
SAMN04122814,1
n151151,1
SAMN16340148,1
n158158,1
SAMN27404457,1
SAMN26308871,1
SAMN27404448,1
n161161,1
n173,1
n175,1
n176176,1
n179179,1
SAMN14792069,1
n181181,1
n182182,1
n185,1
n185185,1
n189189,1
n190190,1
n191191,1
SAMN11335386,1
n195,1
SAMN27404344,1
SAMN15868476,1
SAMN31488201,1
n199,1
SAMN06672151,1
SAMN05774078,1
SAMN05774085,1
SAMN11335426,1
SAMN11335424,1
n206206,1
SAMN11335409,1
SAMN27404336,1
SAMN13082278,1
n264,1
SAMN02801838,1
n266266,1
SAMN15868644,1
n327327,1
n331,1
n336,1
SAMN13082355,1
n337,1
n342342,1
SAMN13082347,1
SAMN13082353,1
SAMN13082313,1
SAMN13082312,1
SAMN26308789,1
SAMN09400878,1
n349,1
n350,1
n352,1
SAMN13422994,1
SAMN26304551,1
SAMN26304552,1
n7575,1
SAMN15868741,1
n83,1
SAMN27404328,1
n90,1
n9292,1
n9393,1
SAMN15868237,1
n9797,1
SAMN11335398,1
n114114,1
SAMN15868269,1
SAMN26308747,1
SAMN26308845,1
n133,1
SAMN04122817,1
SAMN04122816,1
SAMN04096285,1
n152,1
SAMN10093590,1
n159,1
SAMN15868989,1
n162,1
SAMN26304562,1
n173173,1
SAMN13082410,1
n175175,1
n176,1
n177,1
SAMN09400855,1
n180,1
SAMN13622033,1
n182,1
SAMN26304497,1
n183,1
n184,1
SAMN27404333,1
SAMN27404332,1
n186,1
n186186,1
n190,1
SAMN13082271,1
SAMN10435690,1
SAMN07450853,1
n192,1
SAMN11335385,1
SAMN27404460,1
SAMN27404320,1
SAMN07450858,1
SAMN13082315,1
SAMN11335418,1
SAMN11335410,1
n264264,1
SAMN02801902,1
n267,1
SAMN16826310,1
n328,1
SAMN26308454,1
SAMN26308799,1
SAMN26308793,1
SAMN15869147,1
SAMN13082359,1
n337337,1
n338,1
n343,1
SAMN13082399,1
n349349,1
SAMN28174028,1
n350350,1
SAMN26304622,1
n352352,1
SAMN15868953,1
n76,1
SAMN13082351,1
SAMN13082365,1
SAMN16340172,1
n9090,1
n92,1
SAMN15868506,1
SAMN04339725,1
SAMN09400806,1
SAMN15868188,1
SAMN27404407,1
SAMN27404406,1
SAMN04393388,1
SAMN05510456,1
n133133,1
SAMN04622924,1
n152152,1
SAMN09400791,1
n159159,1
SAMN26304537,1
n162162,1
SAMN15868892,1
n174,1
SAMN13082405,1
SAMN16340143,1
SAMN09400831,1
SAMN10435686,1
SAMN16340184,1
n177177,1
SAMN16340168,1
SAMN11285018,1
SAMN13082287,1
SAMN04456581,1
SAMN04393390,1
n183183,1
SAMN26304906,1
SAMN31257659,1
SAMN29440615,1
SAMN13082364,1
SAMN27404436,1
n187,1
SAMN13082390,1
SAMN13082270,1
SAMN13082269,1
n192192,1
SAMN11335383,1
SAMN02801846,1
SAMN02801844,1
n267267,1
n316,1
n328328,1
SAMN27404368,1
SAMN07605641,1
SAMN26304623,1
n338338,1
SAMN22066475,1
n343343,1
SAMN13082272,1
SAMN26308772,1
SAMN26308771,1
SAMN15869013,1
SAMN04096278,1
n353,1
SAMN26304754,1
n7676,1
n7878,1
n91,1
SAMN07775518,1
SAMN13622038,1
SAMN13082249,1
n134,1
SAMN04622923,1
n153,1
SAMN16340123,1
SAMN26304538,1
SAMN26305028,1
n163,1
n170170,1
SAMN13082407,1
SAMN13082406,1
SAMN13622050,1
SAMN16340132,1
SAMN26308781,1
SAMN26308777,1
SAMN13082389,1
SAMN13082388,1
SAMN11335378,1
SAMN11335384,1
n268,1
SAMN12220349,1
SAMN13082363,1
SAMN26304933,1
n329,1
SAMN13082401,1
n339,1
n340340,1
SAMN13082260,1
SAMN13082240,1
SAMN26308770,1
SAMN26308769,1
n7777,1
SAMN12220328,1
n79,1
n7979,1
n9191,1
SAMN26304908,1
SAMN04622927,1
SAMN05178547,1
SAMN16340190,1
SAMN09400846,1
n163163,1
SAMN16340142,1
n171,1
n172,1
n268268,1
n315315,1
n329329,1
n330330,1
n339339,1
SAMN26308773,1
n341,1
n341341,1
n78,1
SAMN16340130,1
SAMN10093584,1
SAMN16340124,1
n80,1
SAMN09400830,1
SAMN10435682,1
SAMN16340175,1
n164,1
SAMN13082404,1
n171171,1
SAMN13082344,1
n172172,1
SAMN06702076,1
n269,1
SAMN27404372,1
SAMN28174052,1
SAMN28174053,1
n330,1
SAMN13082322,1
SAMN13082324,1
SAMN13082325,1
n340,1
SAMN26308776,1
SAMN13082349,1
SAMN26308890,1
n342,1
SAMN26304412,1
SAMN09400849,1
SAMN11285021,1
n8080,1
n81,1
n164164,1
n167167,1
SAMN14669297,1
SAMN27404417,1
SAMN26308831,1
SAMN26308836,1
n269269,1
SAMN07325901,1
SAMN13082323,1
SAMN13082321,1
SAMN26308774,1
SAMN26308775,1
SAMN13423000,1
SAMN13423006,1
SAMN10093608,1
SAMN12220347,1
n8181,1
SAMN16340165,1
n165,1
SAMN26304558,1
n168,1
n170,1
n270,1
n273273,1
n82,1
SAMN10093574,1
n165165,1
n166,1
n168168,1
SAMN27404426,1
SAMN13082342,1
SAMN15869019,1
n270270,1
SAMN06754733,1
n274,1
n280,1
SAMN09400822,1
SAMN09400803,1
SAMN27404380,1
SAMN27404379,1
n166166,1
SAMN27404337,1
n169,1
n169169,1
n271,1
n272272,1
n274274,1
n277277,1
n280280,1
n285285,1
n167,1
SAMN15868807,1
SAMN15868211,1
SAMN15868329,1
SAMN28174078,1
SAMN28174077,1
n271271,1
SAMN15868458,1
n273,1
SAMN07332517,1
n275,1
n277,1
n278,1
n279,1
n281,1
n281281,1
n286,1
n312312,1
SAMN15868731,1
SAMN27404437,1
n272,1
SAMN15868572,1
SAMN05774079,1
SAMN26304539,1
n275275,1
n276,1
SAMN15868253,1
SAMN13082236,1
n278278,1
SAMN27404376,1
n279279,1
SAMN04339718,1
SAMN13082366,1
SAMN27404390,1
n282,1
SAMN13082273,1
n286286,1
SAMN09400792,1
n313,1
n313313,1
SAMN12220351,1
SAMN12220346,1
SAMN26308880,1
SAMN27404392,1
n276276,1
SAMN26367026,1
SAMN26308878,1
SAMN26308807,1
SAMN09400811,1
SAMN12220330,1
n282282,1
n284284,1
n287,1
n295,1
SAMN04339721,1
SAMN16340135,1
n314,1
n315,1
SAMN27404361,1
SAMN26308883,1
n283,1
n283283,1
n285,1
SAMN26304503,1
n287287,1
n288288,1
n295295,1
n309309,1
n314314,1
SAMN13082285,1
SAMN07662565,1
SAMN04393396,1
SAMN04339719,1
SAMN04339726,1
n284,1
SAMN13082337,1
SAMN13082333,1
SAMN13082332,1
n288,1
SAMN07775514,1
n289,1
n291291,1
n296,1
n299,1
n310,1
n311311,1
SAMN13082284,1
SAMN13082286,1
SAMN13082338,1
SAMN13082336,1
SAMN13082416,1
SAMN27404345,1
n289289,1
n291,1
n292,1
n294,1
n296296,1
SAMN13082274,1
n299299,1
n306,1
n310310,1
n311,1
n312,1
SAMN06007768,1
n290,1
n290290,1
SAMN09400841,1
SAMN09400874,1
n292292,1
SAMN09400815,1
n294294,1
SAMN27404318,1
n297,1
n297297,1
n300,1
n302,1
n306306,1
SAMN16340134,1
SAMN13082259,1
SAMN13082254,1
SAMN13082257,1
SAMN13082253,1
SAMN26308879,1
SAMN13622044,1
SAMN27404393,1
SAMN26308885,1
SAMN13082277,1
SAMN30965858,1
n293,1
SAMN13082307,1
SAMN27404414,1
SAMN27404415,1
SAMN27404402,1
SAMN27404430,1
n298,1
SAMN27404319,1
n300300,1
SAMN12220332,1
n302302,1
n303,1
n307,1
SAMN10435683,1
n293293,1
SAMN13082306,1
n298298,1
SAMN27404449,1
n301,1
SAMN06754736,1
SAMN22657223,1
SAMN06754735,1
n303303,1
SAMN11285029,1
n307307,1
SAMN11335366,1
SAMN13082309,1
SAMN13082308,1
SAMN26308860,1
SAMN06680400,1
n301301,1
SAMN27404427,1
n304,1
SAMN12220341,1
n308,1
SAMN11335362,1
SAMN27404428,1
SAMN27404432,1
n304304,1
SAMN11335390,1
n308308,1
SAMN11335372,1
n305,1
SAMN27404352,1
n309,1
SAMN11335373,1
n305305,1
SAMN11335387,1
SAMN11335375,1
SAMN11335374,1
SAMN11335392,1
SAMN11335391,1