node,Clade
root,A
n0,A
n6161,B1
n00,A
SAMN11319316,A
n62,B1
n401401,B1
n1,A
n15,A
n6262,B1
SAMN15868771,B1
n402,B1
SAMN11319305,B1
n11,A
n13,A
n1515,A
n5353,A
n63,B0
n400400,B1
n402402,B1
n446446,B1
n2,A
SAMN26308499,A
n1313,A
SAMN11319282,A
n16,A
n4747,A
n54,A
n61,A
n6363,C0
n395395,B0
n401,B1
SAMN11319341,B1
n403,B1
n409409,B1
SAMN26308802,B1
SAMN29599259,B1
n22,A
n1212,A
n14,A
n1414,A
n1616,A
SAMN26304704,A
n48,A
n51,A
n5454,A
SAMN15868530,A
SAMN26308493,A
SAMN26308471,A
n64,C0
n394394,C0
n396,B0
SAMN09405752,B0
SAMN26309425,B1
SAMN26304415,B1
n403403,B1
n408408,B1
n410,B1
n445,B1
n3,A
SAMN26304325,A
SAMN26304479,A
SAMN11319166,A
SAMN11319335,A
SAMN26304705,A
SAMN06015664,A
SAMN11319389,A
n17,A
n1717,A
n4848,A
n50,A
n5151,A
SAMN26308484,A
n5555,A
SAMN15868277,A
n6464,C1
SAMN13176253,C0
n395,C0
SAMN11319169,C0
n396396,B0
n398398,B0
n404,B1
n407407,B1
n409,B1
SAMN13422978,B1
n410410,B1
n437437,B1
n445445,B1
SAMN26308785,B1
n33,A
n55,A
SAMN10093631,A
SAMN11319386,A
n18,A
n1919,A
n49,A
SAMN26308474,A
n5050,A
SAMN09400814,A
n52,A
SAMN09400827,A
n56,A
n5656,A
n65,C2
n245,C1
SAMN13082356,C0
SAMN11319163,C0
n397,B0
SAMN26305070,B0
n399,B0
SAMN26308892,B0
n404404,B1
SAMN26304506,B1
n408,B1
SAMN26304500,B1
SAMN07325904,B1
SAMN09405759,B1
n411,B1
n436,B1
n438,B1
SAMN26309423,B1
n446,B1
SAMN09405758,B1
n4,A
SAMN15868657,A
n6,A
n99,A
n1818,A
n19,A
n20,A
n2020,A
n4949,A
SAMN26308486,A
SAMN09400832,A
SAMN09400804,A
n5252,A
SAMN05510454,A
SAMN15868897,A
SAMN26308481,A
n57,A
SAMN26304604,A
n6565,C2
SAMN27404441,C2
n245245,C1
n358358,C1
n397397,B0
SAMN09405760,B0
n399399,B0
SAMN26308859,B0
n405,B1
n407,B1
SAMN26308877,B1
SAMN26308819,B1
n411411,B1
n435435,B1
n436436,B1
n437,B1
n438438,B1
n442,B1
SAMN26308875,B1
SAMN26308867,B1
n44,A
SAMN27407159,A
n66,A
n77,A
n10,A
SAMN29869135,A
SAMN25004485,A
SAMN04393386,A
SAMN10093600,A
SAMN26304603,A
SAMN26308494,A
SAMN26308477,A
n21,A
n4545,A
SAMN26305190,A
SAMN26308490,A
n53,A
SAMN09400879,A
n5757,A
SAMN11335458,A
n6666,C2
n237237,C2
n246,C1
SAMN02801894,C1
n359,C1
n360,C1
n398,B0
SAMN26304755,B0
n400,B0
SAMN06680403,B0
n405405,B1
SAMN26305098,B1
SAMN05194537,B1
SAMN04622920,B1
n412,B1
n419419,B1
SAMN26304502,B1
SAMN26304496,B1
SAMN10093587,B1
SAMN26305030,B1
SAMN26304414,B1
SAMN26308862,B1
n439,B1
SAMN10093598,B1
n442442,B1
n443,B1
n5,A
SAMN26304569,A
n7,A
SAMN26308491,A
n8,A
n9,A
n1010,A
n1111,A
n2121,A
n2525,A
n46,A
SAMN26308466,A
SAMN11285026,A
SAMN13622037,A
n58,A
n6060,A
n67,C2
n232,C2
n238,C2
n240,C2
n246246,C1
n358,C1
n359359,C1
SAMN26308795,C1
n360360,C1
n361361,C1
SAMN26308850,B0
SAMN26308866,B0
SAMN04122821,B0
SAMN04339728,B0
n406,B1
SAMN11319406,B1
n412412,B1
SAMN26305099,B1
n420,B1
SAMN10093575,B1
n439439,B1
n441441,B1
SAMN26308806,B1
SAMN13422992,B1
n443443,B1
SAMN27404411,B1
SAMN07450852,A
SAMN05510453,A
SAMN26308496,A
SAMN26308497,A
n88,A
SAMN09400839,A
SAMN28174092,A
SAMN26366668,A
SAMN27404383,A
SAMN28174009,A
n12,A
SAMN15868239,A
n2222,A
SAMN26308492,A
n26,A
n28,A
n4646,A
n47,A
n5858,A
SAMN11335454,A
SAMN11335449,A
SAMN11335455,A
n6767,C2
n229,C2
n232232,C2
SAMN06311519,C2
n238238,C2
n239239,C2
n240240,C2
SAMN13082391,C2
n247,C1
n248,C1
SAMN27404335,C1
SAMN27404364,C1
SAMN26308794,C1
SAMN26308814,C1
n361,C1
SAMN13082267,C1
n362,C1
SAMN15868351,C1
n406406,B1
SAMN26304413,B1
n413,B1
n414,B1
n420420,B1
SAMN26308841,B1
n440,B1
n441,B1
SAMN09405757,B1
SAMN10093580,B1
n444,B1
SAMN10093648,B1
SAMN31390129,A
SAMN31390130,A
SAMN13622034,A
SAMN16340147,A
n23,A
SAMN26305071,A
n2626,A
n27,A
n2828,A
n3434,A
SAMN26308469,A
SAMN26308465,A
SAMN26308467,A
SAMN26308468,A
n59,A
SAMN11335456,A
n68,C2
n136136,C2
n229229,C2
SAMN13082281,C2
n233,C2
n236,C2
n239,C2
SAMN02801890,C2
SAMN13622048,C2
SAMN09400875,C2
n241,C2
SAMN15868698,C2
n247247,C1
SAMN05463123,C1
n248248,C1
n250,C1
SAMN27404354,C1
SAMN27404323,C1
n362362,C1
n381381,C1
SAMN26308887,B1
SAMN26305031,B1
n413413,B1
SAMN26305101,B1
n414414,B1
n419,B1
n421,B1
SAMN11319189,B1
n440440,B1
SAMN13176246,B1
SAMN10093579,B1
SAMN10093573,B1
n444444,B1
SAMN26308810,B1
n2323,A
SAMN26308480,A
SAMN10093604,A
SAMN10093603,A
n2727,A
SAMN26304706,A
n29,A
n3333,A
n35,A
n3535,A
n5959,A
SAMN11335465,A
n6868,C2
n124124,C2
n137,C2
n211211,C2
n230,C2
SAMN13082242,C2
n233233,C2
SAMN15226391,C2
n236236,C2
n237,C2
SAMN02801889,C2
SAMN11319494,C2
n241241,C2
SAMN06702089,C2
SAMN27404346,C1
SAMN27404347,C1
n249,C1
SAMN13082245,C1
n250250,C1
n357357,C1
n363,C1
n374374,C1
n382,C1
n382382,C1
SAMN26305100,B1
SAMN26304932,B1
n415,B1
n415415,B1
SAMN13082280,B1
SAMN26308812,B1
n421421,B1
SAMN26308874,B1
SAMN26305087,B1
SAMN26304399,B1
SAMN26308838,B1
SAMN26308811,B1
n24,A
SAMN26305018,A
SAMN26308479,A
SAMN26308478,A
n2929,A
n3232,A
n34,A
SAMN26308498,A
SAMN15868166,A
SAMN09400850,A
n36,A
n3737,A
n60,A
SAMN11335457,A
n69,C2
SAMN10435685,C2
n125,C2
n125125,C2
n137137,C2
SAMN11319299,C2
n212,C2
n228228,C2
n230230,C2
n231231,C2
n234,C2
n235,C2
SAMN26308796,C2
SAMN26308868,C2
SAMN26304757,C2
SAMN26308854,C2
n242,C2
n243,C2
n249249,C1
SAMN13176239,C1
n251,C1
n319,C1
SAMN13082393,C1
SAMN26304499,C1
n363363,C1
n366366,C1
n375,C1
n380380,C1
SAMN09400819,C1
SAMN13423005,C1
n383,C1
n394,C1
SAMN11319183,B1
SAMN13082413,B1
n416,B1
n417,B1
n422,B1
n423,B1
n2424,A
SAMN26308463,A
n30,A
n32,A
SAMN13176243,A
SAMN06702061,A
SAMN26308489,A
SAMN26308470,A
n3636,A
n37,A
n38,A
SAMN26308487,A
SAMN11335464,A
SAMN11335463,A
n6969,C2
n119,C2
SAMN05374483,C2
SAMN05374480,C2
n126,C2
SAMN05374482,C2
n138,C2
n207207,C2
n212212,C2
n224224,C2
SAMN25226678,C2
SAMN16935937,C2
n231,C2
SAMN13082252,C2
SAMN09400869,C2
SAMN09400833,C2
n234234,C2
SAMN13082360,C2
n235235,C2
SAMN27404350,C2
n242242,C2
SAMN02801819,C2
n243243,C2
n244244,C2
SAMN14792114,C1
SAMN06702070,C1
n251251,C1
n318,C1
n319319,C1
n320320,C1
n364,C1
SAMN26304907,C1
n367,C1
SAMN04606407,C1
n375375,C1
SAMN26308820,C1
n381,C1
SAMN02801895,C1
n383383,C1
SAMN26308834,C1
SAMN26304759,C1
SAMN13082251,C1
n416416,B1
SAMN11319300,B1
n417417,B1
SAMN26308786,B1
n422422,B1
SAMN26308853,B1
n423423,B1
n433,B1
n25,A
SAMN26305017,A
n3030,A
SAMN11319381,A
SAMN06702094,A
SAMN26308485,A
SAMN15868206,A
SAMN26305019,A
SAMN11319340,A
SAMN10093614,A
n3838,A
SAMN26308475,A
n70,C2
n106,C2
n119119,C2
n120120,C2
n126126,C2
SAMN05178548,C2
n138138,C2
n146146,C2
n208,C2
n210210,C2
n213,C2
n217,C2
n225,C2
n226226,C2
SAMN27404386,C2
SAMN27404404,C2
SAMN27404365,C2
SAMN27404442,C2
SAMN26367022,C2
SAMN30109982,C2
SAMN02801907,C2
SAMN13082415,C2
n244,C2
SAMN13082302,C2
SAMN15868503,C2
SAMN11285030,C2
n252,C1
n252252,C1
n318318,C1
SAMN11335437,C1
n320,C1
SAMN13082402,C1
n321,C1
n322,C1
n364364,C1
SAMN13082370,C1
n367367,C1
n370,C1
n376,C1
SAMN13082301,C1
SAMN26304469,C1
SAMN13082380,C1
n384,C1
n384384,C1
SAMN26304753,B1
SAMN26308761,B1
n418,B1
n418418,B1
SAMN10093593,B1
SAMN26304560,B1
n424,B1
n425425,B1
n433433,B1
n435,B1
SAMN26309412,A
SAMN26308462,A
n31,A
SAMN25226641,A
n39,A
n4444,A
n7070,C2
n104104,C2
n106106,C2
n107107,C2
n120,C2
SAMN09400801,C2
n121,C2
n121121,C2
n127,C2
n127127,C2
n139,C2
n143,C2
n147,C2
n200200,C2
n208208,C2
SAMN27404459,C2
n211,C2
SAMN13082394,C2
n213213,C2
SAMN13082305,C2
n217217,C2
n221221,C2
n225225,C2
n226,C2
n227,C2
SAMN04122807,C2
SAMN22677346,C2
SAMN15868742,C2
SAMN15868722,C1
SAMN26305097,C1
n253,C1
n257,C1
SAMN26308832,C1
SAMN26308830,C1
SAMN13082397,C1
SAMN13082293,C1
n321321,C1
SAMN11319182,C1
n322322,C1
n323,C1
n365,C1
n366,C1
n368,C1
n369369,C1
n370370,C1
n371,C1
n376376,C1
SAMN13082292,C1
SAMN02801826,C1
SAMN02801822,C1
n385,C1
n387,C1
SAMN26308882,B1
SAMN26304885,B1
SAMN26304501,B1
SAMN11319168,B1
n424424,B1
SAMN26304505,B1
n426,B1
n432,B1
n434,B1
SAMN10093595,B1
SAMN26308765,B1
SAMN26308764,B1
n3131,A
SAMN26304703,A
n3939,A
n40,A
n45,A
SAMN26308501,A
n71,C2
SAMN13082233,C2
n105,C2
n105105,C2
n107,C2
SAMN12220343,C2
n108,C2
n117117,C2
SAMN16340122,C2
SAMN16340164,C2
SAMN16340141,C2
SAMN13082383,C2
n122,C2
SAMN13082409,C2
SAMN05374486,C2
SAMN05374481,C2
n128,C2
SAMN04096287,C2
n139139,C2
SAMN27404456,C2
n143143,C2
n145145,C2
n147147,C2
SAMN11335376,C2
n201,C2
n207,C2
n209,C2
n210,C2
SAMN27404431,C2
SAMN13082367,C2
n214,C2
n215,C2
n218,C2
n220220,C2
n222,C2
n222222,C2
SAMN26304556,C2
SAMN26304621,C2
SAMN04456582,C2
SAMN04122822,C2
n227227,C2
SAMN13082300,C2
n253253,C1
n256,C1
n257257,C1
n317,C1
SAMN13423026,C1
SAMN13082381,C1
SAMN13082329,C1
SAMN09400842,C1
n323323,C1
n356356,C1
n365365,C1
SAMN26304761,C1
SAMN13423020,C1
SAMN13082243,C1
n368368,C1
SAMN27404369,C1
SAMN28174099,C1
SAMN29767728,C1
SAMN26308827,C1
SAMN26304561,C1
n371371,C1
n373373,C1
n377,C1
n378,C1
n385385,C1
SAMN13082414,C1
n387387,C1
n390390,C1
n425,B1
SAMN06702095,B1
n426426,B1
n429,B1
n432432,B1
SAMN26304540,B1
n434434,B1
SAMN26305032,B1
SAMN26304702,A
SAMN26308464,A
SAMN26308482,A
SAMN16340140,A
n4040,A
n43,A
SAMN26308476,A
SAMN26308472,A
n7171,C2
n101101,C2
SAMN03892121,C2
SAMN03892127,C2
SAMN13082358,C2
SAMN13082357,C2
SAMN13082346,C2
SAMN13082350,C2
n108108,C2
n109,C2
n118,C2
SAMN13082235,C2
n122122,C2
SAMN16340159,C2
n128128,C2
n136,C2
n140,C2
n142142,C2
n144,C2
SAMN27404401,C2
n146,C2
SAMN27404326,C2
n148,C2
n196,C2
n201201,C2
SAMN26308844,C2
SAMN13082419,C2
SAMN13082418,C2
n209209,C2
SAMN26308805,C2
SAMN26308762,C2
SAMN26308763,C2
n214214,C2
SAMN13082392,C2
n215215,C2
n216216,C2
n218218,C2
SAMN27404418,C2
n221,C2
SAMN27404367,C2
SAMN10093577,C2
SAMN13082378,C2
n223,C2
n223223,C2
n228,C2
SAMN13082297,C2
n254,C1
n254254,C1
n256256,C1
SAMN26308829,C1
n258,C1
n259,C1
n317317,C1
SAMN13082248,C1
n324,C1
n332332,C1
n357,C1
SAMN13082326,C1
SAMN26304504,C1
SAMN10435681,C1
n369,C1
SAMN26308817,C1
n372,C1
SAMN20203224,C1
n374,C1
SAMN11319313,C1
n377377,C1
SAMN13422999,C1
n378378,C1
n380,C1
n386,C1
SAMN26308825,C1
n388,C1
SAMN26308886,C1
n391,C1
n393393,C1
SAMN05194531,B1
SAMN26304760,B1
n427,B1
n428,B1
n429429,B1
SAMN10093586,B1
SAMN26304498,B1
SAMN26308788,B1
SAMN26305033,B1
SAMN13082282,B1
n41,A
n42,A
n4343,A
SAMN26308483,A
n72,C2
n8686,C2
n102,C2
n104,C2
SAMN13082268,C2
SAMN13082261,C2
n109109,C2
n117,C2
n118118,C2
SAMN13082244,C2
n123,C2
SAMN27404381,C2
n129,C2
n135135,C2
SAMN04096289,C2
SAMN05194544,C2
n140140,C2
SAMN27404398,C2
SAMN27404408,C2
SAMN27404409,C2
n144144,C2
SAMN13082232,C2
SAMN06015666,C2
SAMN06007769,C2
n148148,C2
n156,C2
n196196,C2
SAMN10093581,C2
n202,C2
SAMN11335408,C2
SAMN16340161,C2
SAMN16340160,C2
SAMN13082314,C2
SAMN13082400,C2
n216,C2
SAMN26308801,C2
SAMN15869090,C2
SAMN15869092,C2
n219,C2
n220,C2
SAMN27404400,C2
SAMN27404391,C2
SAMN06702069,C2
SAMN13082408,C2
n224,NT
SAMN13082265,C2
SAMN13082298,C2
SAMN13082299,C2
SAMN26304338,C1
SAMN10093585,C1
n255,C1
SAMN13082374,C1
SAMN06702082,C1
SAMN26308792,C1
n258258,C1
SAMN26304536,C1
n259259,C1
SAMN13082371,C1
SAMN06015662,C1
SAMN26304411,C1
n324324,C1
n331331,C1
n333,C1
n353353,C1
SAMN10093592,C1
SAMN13423024,C1
SAMN26308790,C1
SAMN26308800,C1
n372372,C1
SAMN26308864,C1
SAMN13082276,C1
SAMN26309424,C1
SAMN13423021,C1
SAMN26304930,C1
n379,C1
SAMN26308852,C1
SAMN26308889,C1
SAMN26304339,C1
n386386,C1
SAMN26308791,C1
n388388,C1
n389389,C1
n391391,C1
n392,C1
SAMN13082234,C1
SAMN26308851,C1
n427427,B1
SAMN26305029,B1
n428428,B1
SAMN26304462,B1
n430,B1
SAMN26308865,B1
n4141,A
SAMN26304707,A
n4242,A
SAMN26308500,A
SAMN10093615,A
SAMN26304385,A
n7272,C2
n8484,C2
n87,C2
n95,C2
n102102,C2
SAMN13082327,C2
SAMN13082403,C2
SAMN09400857,C2
n110,C2
n111111,C2
SAMN10093594,C2
SAMN07775517,C2
SAMN13082239,C2
SAMN13082229,C2
n123123,C2
n124,C2
n129129,C2
n130130,C2
SAMN05194540,C2
SAMN05194542,C2
n141,C2
n142,C2
n145,C2
SAMN13082262,C2
n149,C2
n154154,C2
n156156,C2
n187187,C2
n197,C2
SAMN13082283,C2
n202202,C2
n204204,C2
SAMN26308843,C2
SAMN26308839,C2
n219219,C2
SAMN11335446,C2
SAMN11335440,NT
SAMN11335447,C2
SAMN13082362,NT
SAMN13082361,NT
n255255,C1
SAMN10093596,C1
SAMN10435675,C1
SAMN09400873,C1
n260,C1
n262,C1
n325,C1
n325325,C1
n332,C1
SAMN13082294,C1
n333333,C1
n344,C1
n354,C1
SAMN16895654,C1
n373,C1
SAMN26304624,C1
n379379,C1
SAMN02801877,C1
SAMN26308837,C1
SAMN26308856,C1
n389,C1
SAMN15868462,C1
n390,C1
SAMN13082369,C1
SAMN26308855,C1
SAMN26308884,C1
n392392,C1
SAMN13082288,C1
SAMN26308849,B1
SAMN26304758,B1
SAMN26308783,B1
SAMN26308782,B1
n430430,B1
SAMN26308778,B1
SAMN26308488,A
SAMN26308473,A
SAMN30370668,A
SAMN26304873,A
n73,C2
n8383,C2
n85,C2
SAMN13622046,C2
n8787,C2
n94,C2
n9595,C2
n9898,C2
n103,C2
SAMN13622053,C2
n110110,C2
SAMN12220340,C2
n112,C2
n115,C2
SAMN27404313,C2
SAMN27404339,C2
SAMN27404389,C2
SAMN27404388,C2
n130,C2
SAMN04096286,C2
n131,C2
SAMN05194543,C2
n141141,C2
SAMN27404455,C2
SAMN27404370,C2
SAMN27404371,C2
SAMN13082231,C2
SAMN13082230,C2
n149149,C2
n153153,C2
n155,C2
SAMN13082320,C2
n157,C2
n178,C2
n188,C2
n193193,C2
n197197,C2
SAMN13082291,C2
n203,C2
SAMN11335417,C2
n205,C2
SAMN11335411,C2
SAMN11335448,C2
SAMN11335445,C2
SAMN26308809,C1
SAMN26308787,C1
n260260,C1
SAMN13082382,C1
n262262,C1
n265,C1
SAMN26308891,C1
SAMN06702071,C1
n326,C1
SAMN26305182,C1
SAMN26308840,C1
SAMN26308863,C1
n334,C1
SAMN13082348,C1
n344344,C1
n347,C1
n354354,C1
SAMN26304559,C1
SAMN26308808,C1
SAMN26308798,C1
SAMN02801876,C1
SAMN02801878,C1
SAMN26305180,C1
SAMN26305183,C1
SAMN26308835,C1
SAMN26308881,C1
n393,C1
SAMN13082417,C1
n431,B1
n431431,B1
n7373,C2
SAMN13622052,C2
n84,C2
SAMN06007773,C2
n8585,C2
n86,C2
n8888,C2
SAMN26308847,C2
n9494,C2
SAMN13082398,C2
n96,C2
n98,C2
n9999,C2
n100100,C2
n103103,C2
SAMN13082341,C2
n111,C2
SAMN15868694,C2
n112112,C2
SAMN04393398,C2
n115115,C2
SAMN26308846,C2
SAMN05194541,C2
SAMN05194539,C2
n131131,C2
SAMN04622925,C2
SAMN27404394,C2
SAMN27404439,C2
n150,C2
n150150,C2
n154,C2
SAMN13082279,C2
n155155,C2
SAMN02801817,C2
n157157,C2
n160160,C2
n178178,C2
n180180,C2
n188188,C2
n193,C2
n194,C2
SAMN13082377,C2
n198,C2
n199199,C2
n203203,C2
SAMN11335425,C2
n205205,C2
SAMN11335419,C2
n261,C1
SAMN27404321,C1
n263,C1
SAMN13082328,C1
n265265,C1
n316316,C1
n326326,C1
SAMN26304756,C1
n334334,C1
n335,C1
n345,C1
n345345,C1
n347347,C1
n351,C1
n355,C1
n356,C1
SAMN02801906,C1
SAMN02801896,C1
SAMN26308873,B1
SAMN26308872,B1
SAMN26308780,B1
SAMN26308779,B1
n74,C2
n7474,C2
SAMN04622922,C2
SAMN05194538,C2
SAMN26308818,C2
SAMN13082379,C2
SAMN13082263,C2
SAMN13082264,C2
n89,C2
SAMN13082241,C2
SAMN13082250,C2
SAMN13082238,C2
n9696,C2
SAMN13082275,C2
SAMN27404382,C2
SAMN27404327,C2
n100,C2
SAMN13082384,C2
n101,C2
SAMN13082352,C2
SAMN13082339,C2
SAMN13082340,C2
SAMN07332520,C2
SAMN07332516,C2
n113,C2
n113113,C2
n116,C2
SAMN26308822,C2
n132,C2
n134134,C2
SAMN11319321,C2
SAMN05774075,C2
n151,C2
SAMN13082266,C2
SAMN26308797,C2
SAMN09400870,C2
SAMN02801843,C2
SAMN02801868,C2
n158,C2
n160,C2
n161,C2
n174174,C2
n179,C2
SAMN28174062,C2
n181,C2
n184184,C2
n189,C2
n191,C2
SAMN10093554,C2
SAMN07775513,C2
n194194,C2
n195195,C2
n198198,C2
SAMN27404447,C2
n200,C2
SAMN05806174,C2
n204,C2
SAMN11335416,C2
n206,C2
SAMN11335404,C2
n261261,C1
SAMN11319444,C1
n263263,C1
SAMN02801840,C1
n266,C1-M27
SAMN13082237,C1
SAMN13082387,C1
SAMN15868523,C1
n327,C1
SAMN26308861,C1
SAMN13082345,C1
SAMN26308766,C1
n335335,C1
n336336,C1
SAMN02801827,C1
SAMN02801828,C1
n346,C1
n346346,C1
n348,C1
n348348,C1
n351351,C1
SAMN09400835,C1
n355355,C1
SAMN26304554,C1
SAMN26304555,C1
SAMN26304553,C1
SAMN27404312,C2
SAMN27404315,C2
n75,C2
n8282,C2
n8989,C2
n93,C2
n97,C2
SAMN13082343,C2
SAMN13082385,C2
SAMN13082386,C2
SAMN26308893,C2
SAMN27020195,C2
SAMN04022944,C2
SAMN12220342,C2
n114,C2
SAMN13622036,C2
n116116,C2
SAMN26308821,C2
n132132,C2
SAMN04622926,C2
n135,C2
SAMN04122814,C2
n151151,C2
SAMN16340148,C2
n158158,C2
SAMN27404457,C2
SAMN26308871,C2
SAMN27404448,C2
n161161,C2
n173,C2
n175,C2
n176176,C2
n179179,C2
SAMN14792069,C2
n181181,C2
n182182,C2
n185,C2
n185185,C2
n189189,C2
n190190,C2
n191191,C2
SAMN11335386,C2
n195,C2
SAMN27404344,C2
SAMN15868476,C2
SAMN31488201,C2
n199,C2
SAMN06672151,C2
SAMN05774078,C2
SAMN05774085,C2
SAMN11335426,C2
SAMN11335424,C2
n206206,C2
SAMN11335409,C2
SAMN27404336,C1
SAMN13082278,C1
n264,C1
SAMN02801838,C1
n266266,C1-M27
SAMN15868644,C1-M27
n327327,C1
n331,C1
n336,C1
SAMN13082355,C1
n337,C1
n342342,C1
SAMN13082347,C1
SAMN13082353,C1
SAMN13082313,C1
SAMN13082312,C1
SAMN26308789,C1
SAMN09400878,C1
n349,C1
n350,C1
n352,C1
SAMN13422994,C1
SAMN26304551,C1
SAMN26304552,C1
n7575,C2
SAMN15868741,C2
n83,C2
SAMN27404328,C2
n90,C2
n9292,C2
n9393,C2
SAMN15868237,C2
n9797,C2
SAMN11335398,C2
n114114,C2
SAMN15868269,C2
SAMN26308747,C2
SAMN26308845,C2
n133,C2
SAMN04122817,C2
SAMN04122816,C2
SAMN04096285,C2
n152,C2
SAMN10093590,C2
n159,C2
SAMN15868989,C2
n162,C2
SAMN26304562,C2
n173173,C2
SAMN13082410,C2
n175175,C2
n176,C2
n177,C2
SAMN09400855,C2
n180,C2
SAMN13622033,C2
n182,C2
SAMN26304497,C2
n183,C2
n184,C2
SAMN27404333,C2
SAMN27404332,C2
n186,C2
n186186,C2
n190,C2
SAMN13082271,C2
SAMN10435690,C2
SAMN07450853,C2
n192,C2
SAMN11335385,C2
SAMN27404460,C2
SAMN27404320,C2
SAMN07450858,C2
SAMN13082315,C2
SAMN11335418,C2
SAMN11335410,C2
n264264,C1
SAMN02801902,C1
n267,C1-M27
SAMN16826310,C1-M27
n328,C1
SAMN26308454,C1
SAMN26308799,C1
SAMN26308793,C1
SAMN15869147,C1
SAMN13082359,C1
n337337,C1
n338,C1
n343,C1
SAMN13082399,C1
n349349,C1
SAMN28174028,C1
n350350,C1
SAMN26304622,C1
n352352,C1
SAMN15868953,C1
n76,C2
SAMN13082351,C2
SAMN13082365,C2
SAMN16340172,C2
n9090,C2
n92,C2
SAMN15868506,C2
SAMN04339725,C2
SAMN09400806,C2
SAMN15868188,C2
SAMN27404407,C2
SAMN27404406,C2
SAMN04393388,C2
SAMN05510456,C2
n133133,C2
SAMN04622924,C2
n152152,C2
SAMN09400791,C2
n159159,C2
SAMN26304537,C2
n162162,C2
SAMN15868892,C2
n174,C2
SAMN13082405,C2
SAMN16340143,C2
SAMN09400831,C2
SAMN10435686,C2
SAMN16340184,C2
n177177,C2
SAMN16340168,C2
SAMN11285018,C2
SAMN13082287,C2
SAMN04456581,C2
SAMN04393390,C2
n183183,C2
SAMN26304906,C2
SAMN31257659,C2
SAMN29440615,C2
SAMN13082364,C2
SAMN27404436,C2
n187,C2
SAMN13082390,C2
SAMN13082270,C2
SAMN13082269,C2
n192192,C2
SAMN11335383,C2
SAMN02801846,C1
SAMN02801844,C1
n267267,C1-M27
n316,C1-M27
n328328,C1
SAMN27404368,C1
SAMN07605641,C1
SAMN26304623,C1
n338338,C1
SAMN22066475,C1
n343343,C1
SAMN13082272,C1
SAMN26308772,C1
SAMN26308771,C1
SAMN15869013,C1
SAMN04096278,C1
n353,C1
SAMN26304754,C1
n7676,C2
n7878,C2
n91,C2
SAMN07775518,C2
SAMN13622038,C2
SAMN13082249,C2
n134,C2
SAMN04622923,C2
n153,C2
SAMN16340123,C2
SAMN26304538,C2
SAMN26305028,C2
n163,C2
n170170,C2
SAMN13082407,C2
SAMN13082406,C2
SAMN13622050,C2
SAMN16340132,C2
SAMN26308781,C2
SAMN26308777,C2
SAMN13082389,C2
SAMN13082388,C2
SAMN11335378,C2
SAMN11335384,C2
n268,C1-M27
SAMN12220349,C1-M27
SAMN13082363,C1-M27
SAMN26304933,C1-M27
n329,C1
SAMN13082401,C1
n339,C1
n340340,C1
SAMN13082260,C1
SAMN13082240,C1
SAMN26308770,C1
SAMN26308769,C1
n7777,C2
SAMN12220328,C2
n79,C2
n7979,C2
n9191,C2
SAMN26304908,C2
SAMN04622927,C2
SAMN05178547,C2
SAMN16340190,C2
SAMN09400846,C2
n163163,C2
SAMN16340142,C2
n171,C2
n172,C2
n268268,C1-M27
n315315,C1-M27
n329329,C1
n330330,C1
n339339,C1
SAMN26308773,C1
n341,C1
n341341,C1
n78,C2
SAMN16340130,C2
SAMN10093584,C2
SAMN16340124,C2
n80,C2
SAMN09400830,C2
SAMN10435682,C2
SAMN16340175,C2
n164,C2
SAMN13082404,C2
n171171,C2
SAMN13082344,C2
n172172,C2
SAMN06702076,C2
n269,C1-M27
SAMN27404372,C1-M27
SAMN28174052,C1-M27
SAMN28174053,C1-M27
n330,C1
SAMN13082322,C1
SAMN13082324,C1
SAMN13082325,C1
n340,C1
SAMN26308776,C1
SAMN13082349,C1
SAMN26308890,C1
n342,C1
SAMN26304412,C1
SAMN09400849,C2
SAMN11285021,C2
n8080,C2
n81,C2
n164164,C2
n167167,C2
SAMN14669297,C2
SAMN27404417,C2
SAMN26308831,C2
SAMN26308836,C2
n269269,C1-M27
SAMN07325901,C1-M27
SAMN13082323,C1
SAMN13082321,C1
SAMN26308774,C1
SAMN26308775,C1
SAMN13423000,C1
SAMN13423006,C1
SAMN10093608,C2
SAMN12220347,C2
n8181,C2
SAMN16340165,C2
n165,C2
SAMN26304558,C2
n168,C2
n170,C2
n270,C1-M27
n273273,C1-M27
n82,C2
SAMN10093574,C2
n165165,C2
n166,C2
n168168,C2
SAMN27404426,C2
SAMN13082342,C2
SAMN15869019,C2
n270270,C1-M27
SAMN06754733,C1-M27
n274,C1-M27
n280,C1-M27
SAMN09400822,C2
SAMN09400803,C2
SAMN27404380,C2
SAMN27404379,C2
n166166,C2
SAMN27404337,C2
n169,C2
n169169,C2
n271,C1-M27
n272272,C1-M27
n274274,C1-M27
n277277,C1-M27
n280280,C1-M27
n285285,C1-M27
n167,C2
SAMN15868807,C2
SAMN15868211,C2
SAMN15868329,C2
SAMN28174078,C2
SAMN28174077,C2
n271271,C1-M27
SAMN15868458,C1-M27
n273,C1-M27
SAMN07332517,C1-M27
n275,C1-M27
n277,C1-M27
n278,C1-M27
n279,C1-M27
n281,C1-M27
n281281,C1-M27
n286,C1-M27
n312312,C1-M27
SAMN15868731,C2
SAMN27404437,C2
n272,C1-M27
SAMN15868572,C1-M27
SAMN05774079,C1-M27
SAMN26304539,C1-M27
n275275,C1-M27
n276,C1-M27
SAMN15868253,C1-M27
SAMN13082236,C1-M27
n278278,C1-M27
SAMN27404376,C1-M27
n279279,C1-M27
SAMN04339718,C1-M27
SAMN13082366,C1-M27
SAMN27404390,C1-M27
n282,C1-M27
SAMN13082273,C1-M27
n286286,C1-M27
SAMN09400792,C1-M27
n313,C1-M27
n313313,C1-M27
SAMN12220351,C1-M27
SAMN12220346,C1-M27
SAMN26308880,C1-M27
SAMN27404392,C1-M27
n276276,C1-M27
SAMN26367026,C1-M27
SAMN26308878,C1-M27
SAMN26308807,C1-M27
SAMN09400811,C1-M27
SAMN12220330,C1-M27
n282282,C1-M27
n284284,C1-M27
n287,C1-M27
n295,C1-M27
SAMN04339721,C1-M27
SAMN16340135,C1-M27
n314,C1-M27
n315,C1-M27
SAMN27404361,C1-M27
SAMN26308883,C1-M27
n283,C1-M27
n283283,C1-M27
n285,C1-M27
SAMN26304503,C1-M27
n287287,C1-M27
n288288,C1-M27
n295295,C1-M27
n309309,C1-M27
n314314,C1-M27
SAMN13082285,C1-M27
SAMN07662565,C1-M27
SAMN04393396,C1-M27
SAMN04339719,C1-M27
SAMN04339726,C1-M27
n284,C1-M27
SAMN13082337,C1-M27
SAMN13082333,C1-M27
SAMN13082332,C1-M27
n288,C1-M27
SAMN07775514,C1-M27
n289,C1-M27
n291291,C1-M27
n296,C1-M27
n299,C1-M27
n310,C1-M27
n311311,C1-M27
SAMN13082284,C1-M27
SAMN13082286,C1-M27
SAMN13082338,C1-M27
SAMN13082336,C1-M27
SAMN13082416,C1-M27
SAMN27404345,C1-M27
n289289,C1-M27
n291,C1-M27
n292,C1-M27
n294,C1-M27
n296296,C1-M27
SAMN13082274,C1-M27
n299299,C1-M27
n306,C1-M27
n310310,C1-M27
n311,C1-M27
n312,C1-M27
SAMN06007768,C1-M27
n290,C1-M27
n290290,C1-M27
SAMN09400841,C1-M27
SAMN09400874,C1-M27
n292292,C1-M27
SAMN09400815,C1-M27
n294294,C1-M27
SAMN27404318,C1-M27
n297,C1-M27
n297297,C1-M27
n300,C1-M27
n302,C1-M27
n306306,C1-M27
SAMN16340134,C1-M27
SAMN13082259,C1-M27
SAMN13082254,C1-M27
SAMN13082257,C1-M27
SAMN13082253,C1-M27
SAMN26308879,C1-M27
SAMN13622044,C1-M27
SAMN27404393,C1-M27
SAMN26308885,C1-M27
SAMN13082277,C1-M27
SAMN30965858,C1-M27
n293,C1-M27
SAMN13082307,C1-M27
SAMN27404414,C1-M27
SAMN27404415,C1-M27
SAMN27404402,C1-M27
SAMN27404430,C1-M27
n298,C1-M27
SAMN27404319,C1-M27
n300300,C1-M27
SAMN12220332,C1-M27
n302302,C1-M27
n303,C1-M27
n307,C1
SAMN10435683,C1-M27
n293293,C1-M27
SAMN13082306,C1-M27
n298298,C1-M27
SAMN27404449,C1-M27
n301,C1-M27
SAMN06754736,C1-M27
SAMN22657223,C1-M27
SAMN06754735,C1-M27
n303303,C1-M27
SAMN11285029,C1-M27
n307307,C1
SAMN11335366,C1
SAMN13082309,C1-M27
SAMN13082308,C1-M27
SAMN26308860,C1-M27
SAMN06680400,C1-M27
n301301,C1-M27
SAMN27404427,C1-M27
n304,C1-M27
SAMN12220341,C1-M27
n308,C1
SAMN11335362,C1
SAMN27404428,C1-M27
SAMN27404432,C1-M27
n304304,C1-M27
SAMN11335390,C1-M27
n308308,C1
SAMN11335372,C1
n305,C1-M27
SAMN27404352,C1-M27
n309,C1
SAMN11335373,C1
n305305,C1-M27
SAMN11335387,C1-M27
SAMN11335375,C1
SAMN11335374,C1
SAMN11335392,C1-M27
SAMN11335391,C1-M27
