,bioproject_id_META
SAMN09405752,PRJNA475142
SAMN13082362,PRJNA578285
SAMN13082361,PRJNA578285
SAMN13082350,PRJNA578285
SAMN13082346,PRJNA578285
SAMN10093604,PRJNA448593
SAMN10093603,PRJNA448593
SAMN11285030,PRJNA475751
SAMN13082394,PRJNA578285
SAMN13082275,PRJNA578285
SAMN13082268,PRJNA578285
SAMN13082261,PRJNA578285
SAMN13082358,PRJNA578285
SAMN13082357,PRJNA578285
SAMN16340161,PRJNA475751
SAMN16340160,PRJNA475751
SAMN15868698,PRJNA658369
SAMN11319406,PRJNA530580
SAMN13423006,PRJNA592372
SAMN13423000,PRJNA592372
SAMN11319163,PRJNA530580
SAMN06702094,PRJNA381936
SAMN13082264,PRJNA578285
SAMN13082263,PRJNA578285
SAMN15868694,PRJNA658369
SAMN26308806,PRJNA809394
SAMN26304930,PRJNA809394
SAMN26305101,PRJNA809394
SAMN26308820,PRJNA809394
SAMN26308789,PRJNA809394
SAMN26304500,PRJNA809394
SAMN04339721,PRJNA278886
SAMN04339726,PRJNA278886
SAMN06007768,PRJNA278886
SAMN06680400,PRJNA278886
SAMN06754733,PRJNA278886
SAMN07325901,PRJNA278886
SAMN07775514,PRJNA278886
SAMN11335387,PRJNA530794
SAMN11335390,PRJNA530794
SAMN11335391,PRJNA530794
SAMN11335392,PRJNA530794
SAMN13082309,PRJNA578285
SAMN13082308,PRJNA578285
SAMN13082307,PRJNA578285
SAMN13082306,PRJNA578285
SAMN13082286,PRJNA578285
SAMN13082285,PRJNA578285
SAMN13082284,PRJNA578285
SAMN13082277,PRJNA578285
SAMN13082274,PRJNA578285
SAMN13082273,PRJNA578285
SAMN13082259,PRJNA578285
SAMN13082257,PRJNA578285
SAMN13082254,PRJNA578285
SAMN13082253,PRJNA578285
SAMN13082366,PRJNA578285
SAMN13082363,PRJNA578285
SAMN13082338,PRJNA578285
SAMN13082337,PRJNA578285
SAMN13082336,PRJNA578285
SAMN13082333,PRJNA578285
SAMN13082332,PRJNA578285
SAMN15868253,PRJNA658369
SAMN15868572,PRJNA658369
SAMN16340135,PRJNA475751
SAMN12220351,PRJNA475751
SAMN12220346,PRJNA475751
SAMN12220341,PRJNA475751
SAMN12220332,PRJNA475751
SAMN26308860,PRJNA809394
SAMN26304539,PRJNA809394
SAMN26308885,PRJNA809394
SAMN27404390,PRJNA824420
SAMN27404376,PRJNA824420
SAMN27404352,PRJNA824420
SAMN27404319,PRJNA824420
SAMN02801907,PRJNA248737
SAMN04339725,PRJNA278886
SAMN06007773,PRJNA278886
SAMN07775518,PRJNA278886
SAMN11335398,PRJNA530794
SAMN13082302,PRJNA578285
SAMN13082235,PRJNA578285
SAMN13082233,PRJNA578285
SAMN13082249,PRJNA578285
SAMN13082398,PRJNA578285
SAMN13082391,PRJNA578285
SAMN13082379,PRJNA578285
SAMN13082244,PRJNA578285
SAMN13082365,PRJNA578285
SAMN13082241,PRJNA578285
SAMN13082343,PRJNA578285
SAMN13082239,PRJNA578285
SAMN13082229,PRJNA578285
SAMN10093574,PRJNA448593
SAMN10093584,PRJNA448593
SAMN10093608,PRJNA448593
SAMN06702069,PRJNA381936
SAMN15868506,PRJNA658369
SAMN15868237,PRJNA658369
SAMN15868188,PRJNA658369
SAMN16340130,PRJNA475751
SAMN16340124,PRJNA475751
SAMN13622038,PRJNA475751
SAMN12220347,PRJNA475751
SAMN12220328,PRJNA475751
SAMN11285021,PRJNA475751
SAMN10435682,PRJNA475751
SAMN09400803,PRJNA475751
SAMN16340175,PRJNA475751
SAMN27404407,PRJNA824420
SAMN27404406,PRJNA824420
SAMN26304908,PRJNA809394
SAMN15868989,PRJNA658369
SAMN26304538,PRJNA809394
SAMN26304537,PRJNA809394
SAMN26305028,PRJNA809394
SAMN26308463,PRJNA809394
SAMN26305017,PRJNA809394
SAMN26309412,PRJNA809394
SAMN26308462,PRJNA809394
SAMN26305018,PRJNA809394
SAMN26308787,PRJNA809394
SAMN26308809,PRJNA809394
SAMN26308465,PRJNA809394
SAMN26308468,PRJNA809394
SAMN26308466,PRJNA809394
SAMN26308467,PRJNA809394
SAMN26308469,PRJNA809394
SAMN05194531,PRJNA278886
SAMN13082387,PRJNA578285
SAMN15868523,PRJNA658369
SAMN26308822,PRJNA809394
SAMN26308821,PRJNA809394
SAMN26308747,PRJNA809394
SAMN26308846,PRJNA809394
SAMN26308845,PRJNA809394
SAMN26304552,PRJNA809394
SAMN26304551,PRJNA809394
SAMN26304554,PRJNA809394
SAMN26304553,PRJNA809394
SAMN26304555,PRJNA809394
SAMN02801902,PRJNA248737
SAMN02801846,PRJNA248737
SAMN02801844,PRJNA248737
SAMN02801840,PRJNA248737
SAMN02801838,PRJNA248737
SAMN13082271,PRJNA578285
SAMN13082270,PRJNA578285
SAMN13082269,PRJNA578285
SAMN13082403,PRJNA578285
SAMN13082262,PRJNA578285
SAMN13082232,PRJNA578285
SAMN13082231,PRJNA578285
SAMN13082230,PRJNA578285
SAMN22677346,PRJNA288601
SAMN09400874,PRJNA475751
SAMN09400841,PRJNA475751
SAMN26308844,PRJNA809394
SAMN13082397,PRJNA578285
SAMN02801889,PRJNA248737
SAMN02801890,PRJNA248737
SAMN11319494,PRJNA530580
SAMN16340164,PRJNA475751
SAMN16340122,PRJNA475751
SAMN09400801,PRJNA475751
SAMN26304757,PRJNA809394
SAMN26308854,PRJNA809394
SAMN26308796,PRJNA809394
SAMN26308868,PRJNA809394
SAMN26308776,PRJNA809394
SAMN26308775,PRJNA809394
SAMN26308774,PRJNA809394
SAMN26308773,PRJNA809394
SAMN26308791,PRJNA809394
SAMN26308856,PRJNA809394
SAMN26308825,PRJNA809394
SAMN26308837,PRJNA809394
SAMN11335437,PRJNA530794
SAMN16935937,PRJNA288601
SAMN26308853,PRJNA809394
SAMN13082383,PRJNA578285
SAMN13082252,PRJNA578285
SAMN09400819,PRJNA475751
SAMN15868657,PRJNA658369
SAMN13082352,PRJNA578285
SAMN13082341,PRJNA578285
SAMN13082340,PRJNA578285
SAMN13082339,PRJNA578285
SAMN16340147,PRJNA475751
SAMN13622034,PRJNA475751
SAMN13176246,PRJNA587095
SAMN13176243,PRJNA587095
SAMN13176253,PRJNA587095
SAMN13176239,PRJNA587095
SAMN14669297,PRJNA288601
SAMN14792114,PRJNA288601
SAMN06015664,PRJNA278886
SAMN10093579,PRJNA448593
SAMN10093575,PRJNA448593
SAMN10093600,PRJNA448593
SAMN10093580,PRJNA448593
SAMN10093573,PRJNA448593
SAMN10093594,PRJNA448593
SAMN10093595,PRJNA448593
SAMN10093586,PRJNA448593
SAMN10093577,PRJNA448593
SAMN10093585,PRJNA448593
SAMN10093587,PRJNA448593
SAMN10093592,PRJNA448593
SAMN10093593,PRJNA448593
SAMN10093554,PRJNA448593
SAMN10093598,PRJNA448593
SAMN10093615,PRJNA448593
SAMN10093631,PRJNA448593
SAMN10093648,PRJNA448593
SAMN06702095,PRJNA381936
SAMN06702089,PRJNA381936
SAMN06702076,PRJNA381936
SAMN06702071,PRJNA381936
SAMN06702070,PRJNA381936
SAMN02801894,PRJNA248737
SAMN02801895,PRJNA248737
SAMN02801877,PRJNA248737
SAMN02801819,PRJNA248737
SAMN02801817,PRJNA248737
SAMN04022944,PRJNA278886
SAMN04096278,PRJNA278886
SAMN04339718,PRJNA278886
SAMN04339719,PRJNA278886
SAMN04393386,PRJNA278886
SAMN04393396,PRJNA278886
SAMN05510456,PRJNA278886
SAMN05463123,PRJNA278886
SAMN05774075,PRJNA278886
SAMN05774079,PRJNA278886
SAMN22066475,PRJNA288601
SAMN22657223,PRJNA288601
SAMN25004485,PRJNA288601
SAMN25226678,PRJNA288601
SAMN25226641,PRJNA288601
SAMN27020195,PRJNA288601
SAMN26308501,PRJNA809394
SAMN26305087,PRJNA809394
SAMN26308893,PRJNA809394
SAMN26308792,PRJNA809394
SAMN26304707,PRJNA809394
SAMN26308877,PRJNA809394
SAMN26305030,PRJNA809394
SAMN26304562,PRJNA809394
SAMN26308476,PRJNA809394
SAMN26304760,PRJNA809394
SAMN26304604,PRJNA809394
SAMN26304603,PRJNA809394
SAMN26304761,PRJNA809394
SAMN26304399,PRJNA809394
SAMN26308786,PRJNA809394
SAMN26304756,PRJNA809394
SAMN26304385,PRJNA809394
SAMN26308834,PRJNA809394
SAMN26308818,PRJNA809394
SAMN26304412,PRJNA809394
SAMN26304558,PRJNA809394
SAMN26305029,PRJNA809394
SAMN26304559,PRJNA809394
SAMN26304414,PRJNA809394
SAMN26305100,PRJNA809394
SAMN26308891,PRJNA809394
SAMN26304501,PRJNA809394
SAMN26308494,PRJNA809394
SAMN26305071,PRJNA809394
SAMN26308793,PRJNA809394
SAMN26308874,PRJNA809394
SAMN26304325,PRJNA809394
SAMN26308487,PRJNA809394
SAMN26308475,PRJNA809394
SAMN26304704,PRJNA809394
SAMN26304759,PRJNA809394
SAMN26308797,PRJNA809394
SAMN26308802,PRJNA809394
SAMN26308483,PRJNA809394
SAMN26305032,PRJNA809394
SAMN26308878,PRJNA809394
SAMN26308805,PRJNA809394
SAMN26308889,PRJNA809394
SAMN26305098,PRJNA809394
SAMN26304933,PRJNA809394
SAMN26304503,PRJNA809394
SAMN26308892,PRJNA809394
SAMN26304623,PRJNA809394
SAMN26304622,PRJNA809394
SAMN26308871,PRJNA809394
SAMN26304504,PRJNA809394
SAMN26309425,PRJNA809394
SAMN26304479,PRJNA809394
SAMN26308819,PRJNA809394
SAMN26308861,PRJNA809394
SAMN26308500,PRJNA809394
SAMN26304706,PRJNA809394
SAMN26308788,PRJNA809394
SAMN26309423,PRJNA809394
SAMN26308862,PRJNA809394
SAMN26304560,PRJNA809394
SAMN26304540,PRJNA809394
SAMN26304411,PRJNA809394
SAMN26305070,PRJNA809394
SAMN26308849,PRJNA809394
SAMN26304498,PRJNA809394
SAMN26308812,PRJNA809394
SAMN26304705,PRJNA809394
SAMN26308474,PRJNA809394
SAMN26304499,PRJNA809394
SAMN26304536,PRJNA809394
SAMN26304561,PRJNA809394
SAMN26308482,PRJNA809394
SAMN26308879,PRJNA809394
SAMN26308492,PRJNA809394
SAMN26304569,PRJNA809394
SAMN26305182,PRJNA809394
SAMN26304415,PRJNA809394
SAMN26305099,PRJNA809394
SAMN26305097,PRJNA809394
SAMN26304469,PRJNA809394
SAMN26309424,PRJNA809394
SAMN26308890,PRJNA809394
SAMN26304885,PRJNA809394
SAMN26304907,PRJNA809394
SAMN26304413,PRJNA809394
SAMN26308472,PRJNA809394
SAMN26305033,PRJNA809394
SAMN26308847,PRJNA809394
SAMN26308851,PRJNA809394
SAMN26304506,PRJNA809394
SAMN26308499,PRJNA809394
SAMN26304755,PRJNA809394
SAMN29599259,PRJNA288601
SAMN29440615,PRJNA288601
SAMN29767728,PRJNA288601
SAMN29869135,PRJNA288601
SAMN30109982,PRJNA288601
SAMN30370668,PRJNA288601
SAMN27404457,PRJNA824420
SAMN27404455,PRJNA824420
SAMN27404459,PRJNA824420
SAMN27404449,PRJNA824420
SAMN27404448,PRJNA824420
SAMN27404441,PRJNA824420
SAMN27404431,PRJNA824420
SAMN27404426,PRJNA824420
SAMN27404411,PRJNA824420
SAMN27404417,PRJNA824420
SAMN27404401,PRJNA824420
SAMN27404393,PRJNA824420
SAMN27404392,PRJNA824420
SAMN27404391,PRJNA824420
SAMN27404382,PRJNA824420
SAMN27404383,PRJNA824420
SAMN27404372,PRJNA824420
SAMN27404354,PRJNA824420
SAMN27404345,PRJNA824420
SAMN27404335,PRJNA824420
SAMN27404327,PRJNA824420
SAMN27404323,PRJNA824420
SAMN27404321,PRJNA824420
SAMN27404318,PRJNA824420
SAMN28174028,PRJNA836696
SAMN30965858,PRJNA288601
SAMN26308481,PRJNA809394
SAMN26308886,PRJNA809394
SAMN26308799,PRJNA809394
SAMN26304338,PRJNA809394
SAMN26308485,PRJNA809394
SAMN26304339,PRJNA809394
SAMN26308841,PRJNA809394
SAMN26304505,PRJNA809394
SAMN26304758,PRJNA809394
SAMN26308480,PRJNA809394
SAMN26308859,PRJNA809394
SAMN26308852,PRJNA809394
SAMN26304932,PRJNA809394
SAMN26305019,PRJNA809394
SAMN26308488,PRJNA809394
SAMN26308785,PRJNA809394
SAMN26308865,PRJNA809394
SAMN26308807,PRJNA809394
SAMN11335376,PRJNA530794
SAMN20203224,PRJNA288601
SAMN15226391,PRJNA288601
SAMN11319183,PRJNA530580
SAMN11319341,PRJNA530580
SAMN11319335,PRJNA530580
SAMN11319300,PRJNA530580
SAMN11319299,PRJNA530580
SAMN11319305,PRJNA530580
SAMN11319182,PRJNA530580
SAMN11319316,PRJNA530580
SAMN11319313,PRJNA530580
SAMN11319168,PRJNA530580
SAMN11319282,PRJNA530580
SAMN11319321,PRJNA530580
SAMN11319169,PRJNA530580
SAMN11319166,PRJNA530580
SAMN11319189,PRJNA530580
SAMN11319386,PRJNA530580
SAMN11319389,PRJNA530580
SAMN09405759,PRJNA475142
SAMN09405757,PRJNA475142
SAMN09405758,PRJNA475142
SAMN13423026,PRJNA592372
SAMN13423024,PRJNA592372
SAMN13423021,PRJNA592372
SAMN13423020,PRJNA592372
SAMN13422994,PRJNA592372
SAMN13422992,PRJNA592372
SAMN13082237,PRJNA578285
SAMN13082305,PRJNA578285
SAMN13082301,PRJNA578285
SAMN13082236,PRJNA578285
SAMN13082282,PRJNA578285
SAMN13082281,PRJNA578285
SAMN13082280,PRJNA578285
SAMN13082279,PRJNA578285
SAMN13082267,PRJNA578285
SAMN13082265,PRJNA578285
SAMN13082250,PRJNA578285
SAMN13082248,PRJNA578285
SAMN13082416,PRJNA578285
SAMN13082415,PRJNA578285
SAMN13082414,PRJNA578285
SAMN13082413,PRJNA578285
SAMN13082409,PRJNA578285
SAMN13082408,PRJNA578285
SAMN13082402,PRJNA578285
SAMN13082400,PRJNA578285
SAMN13082392,PRJNA578285
SAMN13082245,PRJNA578285
SAMN13082382,PRJNA578285
SAMN13082381,PRJNA578285
SAMN13082380,PRJNA578285
SAMN13082378,PRJNA578285
SAMN13082374,PRJNA578285
SAMN13082371,PRJNA578285
SAMN13082370,PRJNA578285
SAMN13082369,PRJNA578285
SAMN13082243,PRJNA578285
SAMN13082367,PRJNA578285
SAMN13082359,PRJNA578285
SAMN13082242,PRJNA578285
SAMN13082356,PRJNA578285
SAMN13082351,PRJNA578285
SAMN13082348,PRJNA578285
SAMN13082347,PRJNA578285
SAMN13082345,PRJNA578285
SAMN13082328,PRJNA578285
SAMN13082327,PRJNA578285
SAMN13082326,PRJNA578285
SAMN13082238,PRJNA578285
SAMN13082314,PRJNA578285
SAMN06680403,PRJNA278886
SAMN06754736,PRJNA278886
SAMN06754735,PRJNA278886
SAMN07325904,PRJNA278886
SAMN07332517,PRJNA278886
SAMN07450853,PRJNA278886
SAMN07450858,PRJNA278886
SAMN07662565,PRJNA278886
SAMN07775517,PRJNA278886
SAMN15868351,PRJNA658369
SAMN15868897,PRJNA658369
SAMN15868722,PRJNA658369
SAMN15868530,PRJNA658369
SAMN15868503,PRJNA658369
SAMN15868277,PRJNA658369
SAMN15868269,PRJNA658369
SAMN15868239,PRJNA658369
SAMN15869013,PRJNA658369
SAMN15868462,PRJNA658369
SAMN15868458,PRJNA658369
SAMN15868771,PRJNA658369
SAMN15868206,PRJNA658369
SAMN15868166,PRJNA658369
SAMN15869147,PRJNA658369
SAMN15868892,PRJNA658369
SAMN15868953,PRJNA658369
SAMN15868741,PRJNA658369
SAMN15868644,PRJNA658369
SAMN16826310,PRJNA288601
SAMN16895654,PRJNA288601
SAMN16340184,PRJNA475751
SAMN16340172,PRJNA475751
SAMN16340168,PRJNA475751
SAMN16340165,PRJNA475751
SAMN13622053,PRJNA475751
SAMN16340142,PRJNA475751
SAMN16340140,PRJNA475751
SAMN16340134,PRJNA475751
SAMN13622052,PRJNA475751
SAMN13622048,PRJNA475751
SAMN13622046,PRJNA475751
SAMN13622044,PRJNA475751
SAMN13622036,PRJNA475751
SAMN13622033,PRJNA475751
SAMN12220349,PRJNA475751
SAMN12220342,PRJNA475751
SAMN12220343,PRJNA475751
SAMN12220340,PRJNA475751
SAMN12220330,PRJNA475751
SAMN11285029,PRJNA475751
SAMN11285018,PRJNA475751
SAMN10435690,PRJNA475751
SAMN10435686,PRJNA475751
SAMN10435683,PRJNA475751
SAMN10435685,PRJNA475751
SAMN10435681,PRJNA475751
SAMN10435675,PRJNA475751
SAMN09400875,PRJNA475751
SAMN09400870,PRJNA475751
SAMN09400857,PRJNA475751
SAMN09400855,PRJNA475751
SAMN09400849,PRJNA475751
SAMN09400850,PRJNA475751
SAMN09400842,PRJNA475751
SAMN09400835,PRJNA475751
SAMN09400830,PRJNA475751
SAMN09400831,PRJNA475751
SAMN09400822,PRJNA475751
SAMN09400811,PRJNA475751
SAMN09400806,PRJNA475751
SAMN09400833,PRJNA475751
SAMN09400815,PRJNA475751
SAMN31488201,PRJNA288601
SAMN05510454,PRJNA278886
SAMN13622037,PRJNA475751
SAMN11285026,PRJNA475751
SAMN09400879,PRJNA475751
SAMN09400827,PRJNA475751
SAMN26308484,PRJNA809394
SAMN04456581,PRJNA278886
SAMN26304497,PRJNA809394
SAMN11319340,PRJNA530580
SAMN11319381,PRJNA530580
SAMN11319293,PRJNA530580
SAMN10093614,PRJNA448593
SAMN06702061,PRJNA381936
SAMN26308473,PRJNA809394
SAMN11335419,PRJNA530794
SAMN11335418,PRJNA530794
SAMN11335417,PRJNA530794
SAMN11335416,PRJNA530794
SAMN11335425,PRJNA530794
SAMN11335424,PRJNA530794
SAMN11335426,PRJNA530794
SAMN11335404,PRJNA530794
SAMN11335408,PRJNA530794
SAMN11335409,PRJNA530794
SAMN11335410,PRJNA530794
SAMN11335411,PRJNA530794
SAMN13082419,PRJNA578285
SAMN13082418,PRJNA578285
SAMN07605641,PRJNA278886
SAMN13082294,PRJNA578285
SAMN13082293,PRJNA578285
SAMN13082272,PRJNA578285
SAMN13082260,PRJNA578285
SAMN13082399,PRJNA578285
SAMN13082355,PRJNA578285
SAMN13082349,PRJNA578285
SAMN13082240,PRJNA578285
SAMN13082329,PRJNA578285
SAMN13082360,PRJNA578285
SAMN26367022,PRJNA288601
SAMN27404442,PRJNA824420
SAMN27404365,PRJNA824420
SAMN27404350,PRJNA824420
SAMN15868742,PRJNA658369
SAMN13082401,PRJNA578285
SAMN13082325,PRJNA578285
SAMN13082324,PRJNA578285
SAMN13082323,PRJNA578285
SAMN13082322,PRJNA578285
SAMN13082321,PRJNA578285
SAMN26308454,PRJNA809394
SAMN27404368,PRJNA824420
SAMN13082404,PRJNA578285
SAMN13082344,PRJNA578285
SAMN13082342,PRJNA578285
SAMN15868329,PRJNA658369
SAMN15869019,PRJNA658369
SAMN15868731,PRJNA658369
SAMN15868807,PRJNA658369
SAMN15868211,PRJNA658369
SAMN28174078,PRJNA836696
SAMN28174077,PRJNA836696
SAMN27404437,PRJNA824420
SAMN27404380,PRJNA824420
SAMN27404379,PRJNA824420
SAMN27404337,PRJNA824420
SAMN16340159,PRJNA475751
SAMN27404389,PRJNA824420
SAMN27404388,PRJNA824420
SAMN27404381,PRJNA824420
SAMN27404339,PRJNA824420
SAMN27404313,PRJNA824420
SAMN09400839,PRJNA475751
SAMN26366668,PRJNA288601
SAMN26308496,PRJNA809394
SAMN26308491,PRJNA809394
SAMN26308497,PRJNA809394
SAMN28174092,PRJNA836696
SAMN31390130,PRJNA288601
SAMN31390129,PRJNA288601
SAMN05510453,PRJNA278886
SAMN07450852,PRJNA278886
SAMN27407159,PRJNA288601
SAMN09400873,PRJNA475751
SAMN11335465,PRJNA530794
SAMN11335464,PRJNA530794
SAMN11335463,PRJNA530794
SAMN11335457,PRJNA530794
SAMN11335456,PRJNA530794
SAMN11335458,PRJNA530794
SAMN11335454,PRJNA530794
SAMN11335455,PRJNA530794
SAMN11335449,PRJNA530794
SAMN15869092,PRJNA658369
SAMN15869090,PRJNA658369
SAMN26367026,PRJNA288601
SAMN26308883,PRJNA809394
SAMN27404361,PRJNA824420
SAMN13082386,PRJNA578285
SAMN13082385,PRJNA578285
SAMN13082384,PRJNA578285
SAMN09400832,PRJNA475751
SAMN09400814,PRJNA475751
SAMN09400804,PRJNA475751
SAMN04096285,PRJNA278886
SAMN04096286,PRJNA278886
SAMN04096287,PRJNA278886
SAMN04096289,PRJNA278886
SAMN04122814,PRJNA278886
SAMN04122817,PRJNA278886
SAMN04122816,PRJNA278886
SAMN04622927,PRJNA278886
SAMN04622923,PRJNA278886
SAMN04622924,PRJNA278886
SAMN04622925,PRJNA278886
SAMN04622926,PRJNA278886
SAMN05178547,PRJNA278886
SAMN05178548,PRJNA278886
SAMN05194541,PRJNA278886
SAMN05194542,PRJNA278886
SAMN05194543,PRJNA278886
SAMN05194544,PRJNA278886
SAMN05194539,PRJNA278886
SAMN05194540,PRJNA278886
SAMN05374483,PRJNA278886
SAMN05374486,PRJNA278886
SAMN05374480,PRJNA278886
SAMN05374481,PRJNA278886
SAMN05374482,PRJNA278886
SAMN04393398,PRJNA278886
SAMN04393388,PRJNA278886
SAMN06007769,PRJNA278886
SAMN06015666,PRJNA278886
SAMN27404326,PRJNA824420
SAMN04122822,PRJNA278886
SAMN04456582,PRJNA278886
SAMN11335445,PRJNA530794
SAMN11335440,PRJNA530794
SAMN11335448,PRJNA530794
SAMN11335446,PRJNA530794
SAMN11335447,PRJNA530794
SAMN27404418,PRJNA824420
SAMN27404400,PRJNA824420
SAMN27404367,PRJNA824420
SAMN05774085,PRJNA278886
SAMN05774078,PRJNA278886
SAMN05806174,PRJNA278886
SAMN06672151,PRJNA278886
SAMN13082291,PRJNA578285
SAMN13082283,PRJNA578285
SAMN13082315,PRJNA578285
SAMN10093581,PRJNA448593
SAMN27404447,PRJNA824420
SAMN15868476,PRJNA658369
SAMN27404436,PRJNA824420
SAMN04393390,PRJNA278886
SAMN11335372,PRJNA530794
SAMN11335373,PRJNA530794
SAMN11335366,PRJNA530794
SAMN11335374,PRJNA530794
SAMN11335375,PRJNA530794
SAMN11335362,PRJNA530794
SAMN09400792,PRJNA475751
SAMN11335385,PRJNA530794
SAMN11335384,PRJNA530794
SAMN11335383,PRJNA530794
SAMN11335378,PRJNA530794
SAMN11335386,PRJNA530794
SAMN09405760,PRJNA475142
SAMN13422978,PRJNA592372
SAMN16340141,PRJNA475751
SAMN28174062,PRJNA836696
SAMN03892127,PRJNA278886
SAMN03892121,PRJNA278886
SAMN04122807,PRJNA278886
SAMN13082300,PRJNA578285
SAMN13082299,PRJNA578285
SAMN13082298,PRJNA578285
SAMN13082297,PRJNA578285
SAMN27404456,PRJNA824420
SAMN27404439,PRJNA824420
SAMN27404408,PRJNA824420
SAMN27404409,PRJNA824420
SAMN27404398,PRJNA824420
SAMN27404394,PRJNA824420
SAMN28174009,PRJNA836696
SAMN26308783,PRJNA809394
SAMN26308782,PRJNA809394
SAMN28174052,PRJNA836696
SAMN28174053,PRJNA836696
SAMN31257659,PRJNA288601
SAMN26308863,PRJNA809394
SAMN26308840,PRJNA809394
SAMN26308875,PRJNA809394
SAMN26308867,PRJNA809394
SAMN26308835,PRJNA809394
SAMN26308881,PRJNA809394
SAMN26308887,PRJNA809394
SAMN26305031,PRJNA809394
SAMN26308873,PRJNA809394
SAMN26308872,PRJNA809394
SAMN06311519,PRJNA278886
SAMN26304462,PRJNA809394
SAMN26308763,PRJNA809394
SAMN26308762,PRJNA809394
SAMN27404364,PRJNA824420
SAMN27404404,PRJNA824420
SAMN27404386,PRJNA824420
SAMN09400878,PRJNA475751
SAMN26308882,PRJNA809394
SAMN26304753,PRJNA809394
SAMN26308761,PRJNA809394
SAMN26304873,PRJNA809394
SAMN26308493,PRJNA809394
SAMN26308471,PRJNA809394
SAMN26304502,PRJNA809394
SAMN26304496,PRJNA809394
SAMN28174099,PRJNA836696
SAMN13082287,PRJNA578285
SAMN26308850,PRJNA809394
SAMN26308866,PRJNA809394
SAMN26305180,PRJNA809394
SAMN26305183,PRJNA809394
SAMN26308479,PRJNA809394
SAMN26308478,PRJNA809394
SAMN26308771,PRJNA809394
SAMN26308772,PRJNA809394
SAMN26308855,PRJNA809394
SAMN26308884,PRJNA809394
SAMN26308810,PRJNA809394
SAMN26308838,PRJNA809394
SAMN26308811,PRJNA809394
SAMN26308489,PRJNA809394
SAMN26308470,PRJNA809394
SAMN27404371,PRJNA824420
SAMN27404370,PRJNA824420
SAMN27404346,PRJNA824420
SAMN27404347,PRJNA824420
SAMN26304906,PRJNA809394
SAMN26308781,PRJNA809394
SAMN26308777,PRJNA809394
SAMN26308770,PRJNA809394
SAMN26308769,PRJNA809394
SAMN26304754,PRJNA809394
SAMN26308779,PRJNA809394
SAMN26308778,PRJNA809394
SAMN26308780,PRJNA809394
SAMN26308464,PRJNA809394
SAMN26304703,PRJNA809394
SAMN26304702,PRJNA809394
SAMN26308839,PRJNA809394
SAMN26308843,PRJNA809394
SAMN26308801,PRJNA809394
SAMN26308490,PRJNA809394
SAMN26305190,PRJNA809394
SAMN26308486,PRJNA809394
SAMN26308794,PRJNA809394
SAMN26308814,PRJNA809394
SAMN26308795,PRJNA809394
SAMN26308766,PRJNA809394
SAMN26308880,PRJNA809394
SAMN27404460,PRJNA824420
SAMN27404344,PRJNA824420
SAMN27404320,PRJNA824420
SAMN27404432,PRJNA824420
SAMN27404428,PRJNA824420
SAMN27404427,PRJNA824420
SAMN09400869,PRJNA475751
SAMN26304621,PRJNA809394
SAMN26304556,PRJNA809394
SAMN26308830,PRJNA809394
SAMN26308832,PRJNA809394
SAMN26308498,PRJNA809394
SAMN26308831,PRJNA809394
SAMN26308836,PRJNA809394
SAMN26308477,PRJNA809394
SAMN27404328,PRJNA824420
SAMN27404336,PRJNA824420
SAMN27404315,PRJNA824420
SAMN27404312,PRJNA824420
SAMN27404415,PRJNA824420
SAMN27404414,PRJNA824420
SAMN27404430,PRJNA824420
SAMN27404402,PRJNA824420
SAMN26308765,PRJNA809394
SAMN26308764,PRJNA809394
SAMN06015662,PRJNA278886
SAMN11319444,PRJNA530580
SAMN13082278,PRJNA578285
SAMN13082393,PRJNA578285
SAMN13082353,PRJNA578285
SAMN13082313,PRJNA578285
SAMN13082312,PRJNA578285
SAMN10093596,PRJNA448593
SAMN06702082,PRJNA381936
SAMN26308829,PRJNA809394
SAMN07775513,PRJNA278886
SAMN14792069,PRJNA288601
SAMN13082266,PRJNA578285
SAMN13082410,PRJNA578285
SAMN13082407,PRJNA578285
SAMN13082406,PRJNA578285
SAMN13082405,PRJNA578285
SAMN13082390,PRJNA578285
SAMN13082389,PRJNA578285
SAMN13082388,PRJNA578285
SAMN13082377,PRJNA578285
SAMN13082364,PRJNA578285
SAMN13082320,PRJNA578285
SAMN10093590,PRJNA448593
SAMN16340148,PRJNA475751
SAMN16340143,PRJNA475751
SAMN16340132,PRJNA475751
SAMN16340123,PRJNA475751
SAMN13622050,PRJNA475751
SAMN09400846,PRJNA475751
SAMN09400791,PRJNA475751
SAMN16340190,PRJNA475751
SAMN27404332,PRJNA824420
SAMN27404333,PRJNA824420
SAMN02801896,PRJNA248737
SAMN02801906,PRJNA248737
SAMN02801878,PRJNA248737
SAMN02801876,PRJNA248737
SAMN02801826,PRJNA248737
SAMN02801822,PRJNA248737
SAMN04606407,PRJNA269984
SAMN13423005,PRJNA592372
SAMN13422999,PRJNA592372
SAMN13082292,PRJNA578285
SAMN13082288,PRJNA578285
SAMN13082234,PRJNA578285
SAMN13082276,PRJNA578285
SAMN13082251,PRJNA578285
SAMN13082417,PRJNA578285
SAMN26308790,PRJNA809394
SAMN26304624,PRJNA809394
SAMN26308808,PRJNA809394
SAMN26308817,PRJNA809394
SAMN26308800,PRJNA809394
SAMN26308798,PRJNA809394
SAMN27404369,PRJNA824420
SAMN26308827,PRJNA809394
SAMN26308864,PRJNA809394
SAMN07332516,PRJNA278886
SAMN07332520,PRJNA278886
SAMN04622922,PRJNA278886
SAMN05194538,PRJNA278886
SAMN04622920,PRJNA278886
SAMN05194537,PRJNA278886
SAMN04122821,PRJNA278886
SAMN04339728,PRJNA278886
SAMN02801868,PRJNA248737
SAMN02801843,PRJNA248737
SAMN02801828,PRJNA248737
SAMN02801827,PRJNA248737